"A01","PAIN, GENERAL/MULTIPLE SITES","1","A",,
"A02","CHILLS","1","A",,
"A03","FEVER","1","A",,
"A04","WEAKNESS/TIREDNESS GENERAL","1","A",,
"A05","FEELING ILL","1","A",,
"A06","FAINTING/SYNCOPE","1","A",,
"A07","COMA","1","A",,
"A08","SWELLING","1","A",,
"A09","SWEATING PROBLEMS","1","A",,
"A10","BLEEDING, HAEMORRHAGE NOS","1","A",,
"A11","PAIN, CHEST NOS","1","A",,
"A12","Transferred to A92",,,,
"A13","CONCERN/FEAR ABOUT TREATMENT","1","A",,
"A14","Transferred to D01",,,,
"A15","Transferred to A16",,,,
"A16","IRRITABLE INFANT","1","A",,
"A17","Transferrred to A16",,,,
"A18","CONCERN ABOUT APPEARANCE","1","A",,
"A20","EUTHANASIA REQUEST/DISCUSSION","1","A",,
"A21","RISK FACTOR FOR MALIGNANCY","1","A",,
"A23","RISK FACTOR NOS","1","A",,
"A25","FEAR OF DEATH, DYING","1","A",,
"A26","FEAR OF CANCER, NOS","1","A",,
"A27","FEAR OF OTHER DISEASE, NOS","1","A",,
"A28","LIMITED FUNCTION/DISABILITY NOS","1","A",,
"A29","GENERAL SYMPTOM/COMPLAINT, OTHER","1","A",,
"A30","MED EXAM/HEALTH EVALUATION - COMPLETE NOS","2","A",,
"A31","MED EXAM/HEALTH EVALUATION - PARTIAL NOS","2","A",,
"A32","SENSITIVITY TEST NOS","2","A",,
"A33","MICROBIOLOGY/IMMUNOLOGY TEST NOS","2","A",,
"A34","BLOOD TEST NOS","2","A",,
"A35","URINE TEST NOS","2","A",,
"A36","FAECES TEST NOS","2","A",,
"A37","HISTOLOGICAL/EXFOLIATIVE CYTOLOGY NOS","2","A",,
"A38","OTHER LABORATORY TEST NEC NOS","2","A",,
"A39","PHYSICAL FUNCTION TEST NOS","2","A",,
"A40","DIAGNOSTIC ENDOSCOPY NOS","2","A",,
"A41","DIAGNOSTIC RADIOLOGY/IMAGING NOS","2","A",,
"A42","ELECTRICAL TRACINGS NOS","2","A",,
"A43","OTHER DIAGNOSTIC PROCEDURES NOS","2","A",,
"A44","PREVENTIVE IMMUNISATION/MEDICATION NOS","2","A",,
"A45","OBSERVATION/HEALTH EDUCAT/ADVICE/DIET NOS","2","A",,
"A46","CONSULT WITH PRIMARY CARE PROVIDER NOS","2","A",,
"A47","CONSULTATION WITH SPECIALIST NOS","2","A",,
"A48","CLARIFY/DISCUSS PATIENT RFE/DEMAND NOS","2","A",,
"A49","OTHER PREVENTIVE PROCED NOS","2","A",,
"A50","MEDICATION/SCRIPT/REQUEST/RENEW/INJECT NOS","3","A",,
"A51","INCIS/DRAIN/FLUSH/ASPIR/REM BODY FLUID(EXCL CATH)","3","A",,
"A52","EXCISE/REMOV TISSUE/BIOPSY/DESTRUCT/DEBRIDE/CAUTER","3","A",,
"A53","INSTRUMENTATION/CATHETER/INTUBATE/DILATE NOS","3","A",,
"A54","REPAIR/FIXATE-SUTURE/CAST/PROSTH DEV (APPL/REM)","3","A",,
"A55","LOCAL INJECTION/INFILTRATION NOS","3","A",,
"A56","DRESSING/PRESSURE/COMPRESSION/TAMPONADE NOS","3","A",,
"A57","PHYSICAL MEDICINE/REHABILITATION NOS","3","A",,
"A58","THERAPEUTIC COUNSELLING/LISTENING NOS","3","A",,
"A59","OTHER THERAPEUTIC PROCED/MINOR SURG NOS","3","A",,
"A60","RESULTS TESTS/PROCEDURES NOS","4","A",,
"A61","RESULT EXAM/TEST/RECORD/LET FROM OTH PROVID NOS","4","A",,
"A62","ADMINISTRATIVE PROCEDURE NOS","5","A",,
"A63","FOLLOW-UP ENCOUNTER UNSPECIFIED NOS","6","A",,
"A64","ENCOUNTER/PROB INITIATED BY PROVIDER NOS","6","A",,
"A65","ENCOUNT/PROB INITIATE OTHER THAN PT/PROVID NOS","6","A",,
"A66","REFER OTH PROVID/NURSE/THERA/SOCIAL WKR NOS","6","A",,
"A67","REFER PHYSICIAN/SPECIALIST/CLINIC/HOSP NOS","6","A",,
"A68","OTHER REFERRALS NEC NOS","6","A",,
"A69","OTHER REASON FOR ENCOUNTER NEC NOS","6","A",,
"A70","TUBERCULOSIS","8","A",,
"A71","MEASLES","8","A",,
"A72","CHICKENPOX","8","A",,
"A73","MALARIA","8","A",,
"A74","RUBELLA","8","A",,
"A75","INFECTIOUS MONONUCLEOSIS","8","A",,
"A76","VIRAL EXANTHEM, OTHER","8","A",,
"A77","VIRAL DISEASE, OTHER/NOS","8","A",,
"A78","INFECTIOUS DISEASE, OTHER/NOS","8","A",,
"A79","MALIGNANCY NOS","9","A",,
"A80","TRAUMA/INJURY, NOS","10","A",,
"A81","MULTIPLE TRAUMA/INJURIES","10","A",,
"A82","SECONDARY EFFECT OF TRAUMA","10","A",,
"A84","POISONING BY MEDICAL AGENT","10","A",,
"A85","ADVERSE EFFECT MEDICAL AGENT","10","A",,
"A86","TOXIC EFFECT NON MEDICAL SUBSTANCE","10","A",,
"A87","COMPLICATION OF TREATMENT","10","A",,
"A88","ADVERSE EFFECTS PHYSICAL FACTORS","10","A",,
"A89","EFFECTS PROSTHETIC DEVICE","10","A",,
"A90","CONGENITAL ANOMALY NOS/MULTIPLE","11","A",,
"A91","ABNORMAL RESULTS INVESTIGATION NOS","12","A",,
"A92","ALLERGY/ALLERGIC REACTION NOS","12","A",,
"A93","PREMATURE NEWBORN","12","A",,
"A94","PERINATAL MORBIDITY, OTHER","12","A",,
"A95","PERINATAL MORTALITY","12","A",,
"A96","DEATH","12","A",,
"A97","NO DISEASE","12","A",,
"A98","HEALTH MAINTENANCE/PREVENTIVE MEDICINE","12","A",,
"A99","GENERAL DISEASE NOS","12","A",,
"B02","PAINFUL/ENLARGED LYMPH GLAND(S)","1","B",,
"B03","Transferred to B02",,,,
"B04","BLOOD SYMPTOM/COMPLAINT","1","B",,
"B25","FEAR OF AIDS","1","B",,
"B26","FEAR OF CANCER BLOOD/LYMPH","1","B",,
"B27","FEAR OF BLOOD/LYMPH DISEASE, OTHER","1","B",,
"B28","LIMITED FUNCTION/DISABILITY BLOOD/LYMPH","1","B",,
"B29","BLOOD AND IMMUNE MECHANISM SYMPTOM/COMPLAINT","1","B",,
"B30","MED EXAM/HEALTH EVALUATION - COMPLETE BLOOD/LYMPH","2","B",,
"B31","MED EXAM/HEALTH EVALUATION - PARTIAL BLOOD/LYMPH","2","B",,
"B32","SENSITIVITY TEST BLOOD/LYMPH","2","B",,
"B33","MICROBIOLOGY/IMMUNOLOGY TEST BLOOD/LYMPH","2","B",,
"B34","BLOOD TEST BLOOD/LYMPH","2","B",,
"B35","URINE TEST BLOOD/LYMPH","2","B",,
"B36","FAECES TEST BLOOD/LYMPH","2","B",,
"B37","HISTOLOGICAL/EXFOLIATIVE CYTOLOGY BLOOD/LYMPH","2","B",,
"B38","OTHER LABORATORY TEST NEC BLOOD/LYMPH","2","B",,
"B39","PHYSICAL FUNCTION TEST BLOOD/LYMPH","2","B",,
"B40","DIAGNOSTIC ENDOSCOPY BLOOD/LYMPH","2","B",,
"B41","DIAGNOSTIC RADIOLOGY/IMAGING BLOOD/LYMPH","2","B",,
"B42","ELECTRICAL TRACINGS BLOOD/LYMPH","2","B",,
"B43","OTHER DIAGNOSTIC PROCEDURES BLOOD/LYMPH","2","B",,
"B44","PREVENTIVE IMMUNISATION/MEDICATION BLOOD/LYMPH","2","B",,
"B45","OBSERVATION/HEALTH EDUCAT/ADVICE/DIET BLOOD/LYMPH","2","B",,
"B46","CONSULT WITH PRIMARY CARE PROVIDER BLOOD/LYMPH","2","B",,
"B47","CONSULTATION WITH SPECIALIST BLOOD/LYMPH","2","B",,
"B48","CLARIFY/DISCUSS PATIENT RFE/DEMAND BLOOD/LYMPH","2","B",,
"B49","OTHER PREVENTIVE PROCED BLOOD/LYMPH","2","B",,
"B50","MEDICATION/SCRIPT/REQUEST/RENEW/INJECT BLOOD/LYMPH","3","B",,
"B51","INCIS/DRAIN/FLUSH/ASPIR/REM BODY FLUID(EXCL CATH)","3","B",,
"B52","EXCISE/REMOV TISSUE/BIOPSY/DESTRUCT/DEBRIDE/CAUTER","3","B",,
"B53","INSTRUMENTATION/CATHETER/INTUBATE/DILATE BLOOD","3","B",,
"B54","REPAIR/FIXATE-SUTURE/CAST/PROSTH DEV (APPL/REM)","3","B",,
"B55","LOCAL INJECTION/INFILTRATION BLOOD/LYMPH","3","B",,
"B56","DRESSING/PRESSURE/COMPRESSION/TAMPONADE BLOOD/LYMP","3","B",,
"B57","PHYSICAL MEDICINE/REHABILITATION BLOOD/LYMPH","3","B",,
"B58","THERAPEUTIC COUNSELLING/LISTENING BLOOD/LYMPH","3","B",,
"B59","OTHER THERAPEUTIC PROCED/MINOR SURG BLOOD/LYMPH","3","B",,
"B60","RESULTS TESTS/PROCEDURES BLOOD/LYMPH","4","B",,
"B61","RESULT EXAM/TEST/RECORD/LET FROM OTH PROVID BLOOD","4","B",,
"B62","ADMINISTRATIVE PROCEDURE BLOOD/LYMPH","5","B",,
"B63","FOLLOW-UP ENCOUNTER UNSPECIFIED BLOOD/LYMPH","6","B",,
"B64","ENCOUNTER/PROB INITIATED BY PROVIDER BLOOD/LYMPH","6","B",,
"B65","ENCOUNT/PROB INITIATE OTHER THAN PT/PROVID BLOOD","6","B",,
"B66","REFER OTH PROVID/NURSE/THERA/SOCIAL WKR BLOOD/LYMP","6","B",,
"B67","REFER PHYSICIAN/SPECIALIST/CLINIC/HOSP BLOOD/LYMPH","6","B",,
"B68","OTHER REFERRALS NEC BLOOD/LYMPH","6","B",,
"B69","OTHER REASON FOR ENCOUNTER NEC BLOOD/LYMPH","6","B",,
"B70","LYMPHADENITIS, ACUTE","8","B",,
"B71","LYMPHADENITIS, NON-SPECIFIC","8","B",,
"B72","HODGKIN'S DISEASE/LYMPHOMAS","9","B",,
"B73","LEUKAEMIA","9","B",,
"B74","MALIGNANT NEOPLASM BLOOD, OTHER","9","B",,
"B75","BENIGN/UNCERTAIN NEOPLASM BLOOD/LYMPH","9","B",,
"B76","RUPTURED SPLEEN, TRAUMATC","10","B",,
"B77","INJURY BLOOD/LYMPH/SPLEEN, OTHER","10","B",,
"B78","HEREDITARY HAEMOLYTIC ANAEMIAS","11","B",,
"B79","CONGENITAL ANOMALY BLOOD/LYMPH, OTHER","11","B",,
"B80","IRON DEFICIENCY ANAEMIA","12","B",,
"B81","ANAEMIA, VITAMIN B12/FOLATE DEFICIENCY","12","B",,
"B82","ANAEMIA OTHER/UNSPECIFIED","12","B",,
"B83","PURPURA/COAGULATION DEFECTS","12","B",,
"B84","ABNORMAL WHITE CELLS","1","B",,
"B85","Transferred  to A91",,,,
"B86","Transferred  to B99",,,,
"B87","SPLENOMEGALY","1","B",,
"B90","HIV-INFECTION, AIDS","8","B",,
"B99","BLOOD/LYMPH/SPLEEN DISEASE, OTHER","12","B",,
"D01","PAIN/CRAMPS, ABDOMINAL GENERAL","1","D",,
"D02","PAIN, ABDOMINAL EPIGASTRIC","1","D",,
"D03","HEARTBURN","1","D",,
"D04","PAIN, RECTAL/ANAL","1","D",,
"D05","PERIANAL ITCHING","1","D",,
"D06","PAIN, ABDOMINAL LOCALISED, OTHER","1","D",,
"D07","DYSPEPSIA/INDIGESTION","1","D",,
"D08","FLATULENCE/GAS/BELCHING","1","D",,
"D09","NAUSEA","1","D",,
"D10","VOMITING","1","D",,
"D11","DIARRHOEA","1","D",,
"D12","CONSTIPATION","1","D",,
"D13","JAUNDICE","1","D",,
"D14","HAEMATEMESIS/VOMITING BLOOD","1","D",,
"D15","MELAENA","1","D",,
"D16","RECTAL BLEEDING","1","D",,
"D17","INCONTINENCE OF BOWEL","1","D",,
"D18","CHANGE IN FAECES/BOWEL MOVEMENTS","1","D",,
"D19","TEETH/GUM SYMPTOM/COMPLAINT","1","D",,
"D20","MOUTH/TONGUE/LIP SYMPTOM/COMPLAINT","1","D",,
"D21","SWALLOWING PROBLEMS","1","D",,
"D22","Transferred to D96",,,,
"D23","HEPATOMEGALY","1","D",,
"D24","ABDOMINAL MASS NOS","1","D",,
"D25","ABDOMINAL DISTENSION","1","D",,
"D26","FEAR OF CANCER OF DIGESTIVE SYSTEM","1","D",,
"D27","FEAR OF DIGESTIVE DISEASE, OTHER","1","D",,
"D28","LIMITED FUNCTION/DISABILITY DIGESTIVE","1","D",,
"D29","DIGESTIVE SYMPTOM/COMPLAINT, OTHER","1","D",,
"D30","MED EXAM/HEALTH EVALUATION - COMPLETE DIGESTIVE","2","D",,
"D31","MED EXAM/HEALTH EVALUATION - PARTIAL DIGESTIVE","2","D",,
"D32","SENSITIVITY TEST DIGESTIVE","2","D",,
"D33","MICROBIOLOGY/IMMUNOLOGY TEST DIGESTIVE","2","D",,
"D34","BLOOD TEST DIGESTIVE","2","D",,
"D35","URINE TEST DIGESTIVE","2","D",,
"D36","FAECES TEST DIGESTIVE","2","D",,
"D37","HISTOLOGICAL/EXFOLIATIVE CYTOLOGY DIGESTIVE","2","D",,
"D38","OTHER LABORATORY TEST NEC DIGESTIVE","2","D",,
"D39","PHYSICAL FUNCTION TEST DIGESTIVE","2","D",,
"D40","DIAGNOSTIC ENDOSCOPY DIGESTIVE","2","D",,
"D41","DIAGNOSTIC RADIOLOGY/IMAGING DIGESTIVE","2","D",,
"D42","ELECTRICAL TRACINGS DIGESTIVE","2","D",,
"D43","OTHER DIAGNOSTIC PROCEDURES DIGESTIVE","2","D",,
"D44","PREVENTIVE IMMUNISATION/MEDICATION DIGESTIVE","2","D",,
"D45","OBSERVATION/HEALTH EDUCAT/ADVICE/DIET DIGESTIVE","2","D",,
"D46","CONSULT WITH PRIMARY CARE PROVIDER DIGESTIVE","2","D",,
"D47","CONSULTATION WITH SPECIALIST DIGESTIVE","2","D",,
"D48","CLARIFY/DISCUSS PATIENT RFE/DEMAND DIGESTIVE","2","D",,
"D49","OTHER PREVENTIVE PROCED DIGESTIVE","2","D",,
"D50","MEDICATION/SCRIPT/REQUEST/RENEW/INJECT DIGESTIVE","3","D",,
"D51","INCIS/DRAIN/FLUSH/ASPIR/REM BODY FLUID(EXCL CATH)","3","D",,
"D52","EXCISE/REMOV TISSUE/BIOPSY/DESTRUCT/DEBRIDE/CAUTER","3","D",,
"D53","INSTRUMENTATION/CATHETER/INTUBATE/DILATE DIGESTIVE","3","D",,
"D54","REPAIR/FIXATE-SUTURE/CAST/PROSTH DEV (APPL/REM","3","D",,
"D55","LOCAL INJECTION/INFILTRATION DIGESTIVE","3","D",,
"D56","DRESSING/PRESSURE/COMPRESSION/TAMPONADE DIGESTIVE","3","D",,
"D57","PHYSICAL MEDICINE/REHABILITATION DIGESTIVE","3","D",,
"D58","THERAPEUTIC COUNSELLING/LISTENING DIGESTIVE","3","D",,
"D59","OTHER THERAPEUTIC PROCED/MINOR SURG DIGESTIVE","3","D",,
"D60","RESULTS TESTS/PROCEDURES DIGESTIVE","4","D",,
"D61","RESULT EXAM/TEST/RECORD/LET FROM OTH PROVID DIGEST","4","D",,
"D62","ADMINISTRATIVE PROCEDURE DIGESTIVE","5","D",,
"D63","FOLLOW-UP ENCOUNTER UNSPECIFIED DIGESTIVE","6","D",,
"D64","ENCOUNTER/PROB INITIATED BY PROVIDER DIGESTIVE","6","D",,
"D65","ENCOUNT/PROB INITIATE OTHER THAN PT/PROVID DIGEST","6","D",,
"D66","REFER OTH PROVID/NURSE/THERA/SOCIAL WKR DIGESTIVE","6","D",,
"D67","REFER PHYSICIAN/SPECIALIST/CLINIC/HOSP DIGESTIVE","6","D",,
"D68","OTHER REFERRALS NEC DIGESTIVE","6","D",,
"D69","OTHER REASON FOR ENCOUNTER NEC DIGESTIVE","6","D",,
"D70","GASTROINTESTINAL INFECTION","8","D",,
"D71","MUMPS","8","D",,
"D72","VIRAL HEPATITIS","8","D",,
"D73","GASTROENTERITIS, PRESUMED INFECTION","8","D",,
"D74","MALIGNANT NEOPLASM STOMACH","9","D",,
"D75","MALIGNANT NEOPLASM COLON/RECTUM","9","D",,
"D76","MALIGNANT NEOPLASM PANCREAS","9","D",,
"D77","MALIGNANT NEOPLASM DIGESTIVE, OTHER/NOS","9","D",,
"D78","BENIGN/UNCERTAIN NEOPLASM DIGESTIVE","9","D",,
"D79","FOREIGN BODY IN DIGESTIVE SYSTEM","10","D",,
"D80","INJURY DIGESTIVE SYSTEM, OTHER","10","D",,
"D81","CONGENITAL ANOMALY DIGESTIVE","11","D",,
"D82","TEETH/GUM DISEASE","12","D",,
"D83","MOUTH/TONGUE/LIP DISEASE","12","D",,
"D84","OESOPHAGUS DISEASE","12","D",,
"D85","DUODENAL ULCER","12","D",,
"D86","PEPTIC ULCERS, OTHER","12","D",,
"D87","STOMACH FUNCTION DISORDER","12","D",,
"D88","APPENDICITIS","12","D",,
"D89","INGUINAL HERNIA","12","D",,
"D90","HIATUS HERNIA","12","D",,
"D91","ABDOMINAL HERNIA, OTHER","12","D",,
"D92","DIVERTICULAR DISEASE","12","D",,
"D93","IRRITABLE BOWEL SYNDROME","12","D",,
"D94","CHRONIC ENTERITIS/ULCERATIVE COLITIS","12","D",,
"D95","ANAL FISSURE/PERIANAL ABSCESS","12","D",,
"D96","WORMS/OTHER PARASITES","1","D",,
"D97","LIVER DISEASE NOS","12","D",,
"D98","CHOLECYSTITIS, CHOLELITHIASIS","12","D",,
"D99","DISEASE DIGESTIVE SYSTEM, OTHER","12","D",,
"F01","PAIN, EYE","1","F",,
"F02","RED EYE","1","F",,
"F03","EYE DISCHARGE","1","F",,
"F04","VISUAL FLOATERS/SPOTS","1","F",,
"F05","VISUAL DISTURBANCE, OTHER","1","F",,
"F13","EYE SENSATIONS ABNORMAL","1","F",,
"F14","EYE MOVEMENTS ABNORMAL","1","F",,
"F15","EYE APPEARANCE ABNORMAL","1","F",,
"F16","EYELID SYMPTOM/COMPLAINT","1","F",,
"F17","GLASSES SYMPTOM/COMPLAINT","1","F",,
"F18","CONTACT LENS SYMPTOM/COMPLAINT","1","F",,
"F27","FEAR OF EYE DISEASE","1","F",,
"F28","LIMITED FUNCTION/DISABILITY EYE","1","F",,
"F29","EYE SYMPTOM/COMPLAINT, OTHER","1","F",,
"F30","MED EXAM/HEALTH EVALUATION - COMPLETE EYE","2","F",,
"F31","MED EXAM/HEALTH EVALUATION - PARTIAL EYE","2","F",,
"F32","SENSITIVITY TEST EYE","2","F",,
"F33","MICROBIOLOGY/IMMUNOLOGY TEST EYE","2","F",,
"F34","BLOOD TEST EYE","2","F",,
"F35","URINE TEST EYE","2","F",,
"F36","FAECES TEST EYE","2","F",,
"F37","HISTOLOGICAL/EXFOLIATIVE CYTOLOGY EYE","2","F",,
"F38","OTHER LABORATORY TEST NEC EYE","2","F",,
"F39","PHYSICAL FUNCTION TEST EYE","2","F",,
"F40","DIAGNOSTIC ENDOSCOPY EYE","2","F",,
"F41","DIAGNOSTIC RADIOLOGY/IMAGING EYE","2","F",,
"F42","ELECTRICAL TRACINGS EYE","2","F",,
"F43","OTHER DIAGNOSTIC PROCEDURES EYE","2","F",,
"F44","PREVENTIVE IMMUNISATION/MEDICATION EYE","2","F",,
"F45","OBSERVATION/HEALTH EDUCAT/ADVICE/DIET EYE","2","F",,
"F46","CONSULT WITH PRIMARY CARE PROVIDER EYE","2","F",,
"F47","CONSULTATION WITH SPECIALIST EYE","2","F",,
"F48","CLARIFY/DISCUSS PATIENT RFE/DEMAND EYE","2","F",,
"F49","OTHER PREVENTIVE PROCED EYE","2","F",,
"F50","MEDICATION/SCRIPT/REQUEST/RENEW/INJECT EYE","3","F",,
"F51","INCIS/DRAIN/FLUSH/ASPIR/REM BODY FLUID(EXCL CATH)","3","F",,
"F52","EXCISE/REMOV TISSUE/BIOPSY/DESTRUCT/DEBRIDE/CAUTER","3","F",,
"F53","INSTRUMENTATION/CATHETER/INTUBATE/DILATE EYE","3","F",,
"F54","REPAIR/FIXATE-SUTURE/CAST/PROSTH DEV (APPL/REM)","3","F",,
"F55","LOCAL INJECTION/INFILTRATION EYE","3","F",,
"F56","DRESSING/PRESSURE/COMPRESSION/TAMPONADE EYE","3","F",,
"F57","PHYSICAL MEDICINE/REHABILITATION EYE","3","F",,
"F58","THERAPEUTIC COUNSELLING/LISTENING EYE","3","F",,
"F59","OTHER THERAPEUTIC PROCED/MINOR SURG EYE","3","F",,
"F60","RESULTS TESTS/PROCEDURES EYE","4","F",,
"F61","RESULT EXAM/TEST/RECORD/LET FROM OTH PROVID EYE","4","F",,
"F62","ADMINISTRATIVE PROCEDURE EYE","5","F",,
"F63","FOLLOW-UP ENCOUNTER UNSPECIFIED EYE","6","F",,
"F64","ENCOUNTER/PROB INITIATED BY PROVIDER EYE","6","F",,
"F65","ENCOUNT/PROB INITIATE OTHER THAN PT/PROVID EYE","6","F",,
"F66","REFER OTH PROVID/NURSE/THERA/SOCIAL WKR EYE","6","F",,
"F67","REFER PHYSICIAN/SPECIALIST/CLINIC/HOSP EYE","6","F",,
"F68","OTHER REFERRALS NEC EYE","6","F",,
"F69","OTHER REASON FOR ENCOUNTER NEC EYE","6","F",,
"F70","CONJUNCTIVITIS, INFECTIOUS","8","F",,
"F71","CONJUNCTIVITIS, ALLERGIC","12","F",,
"F72","BLEPHARITIS/STYE/CHALAZION","8","F",,
"F73","EYE INFECTIONS/INFLAMMATION, OTHER","8","F",,
"F74","NEOPLASM EYE/ADNEXA","9","F",,
"F75","CONTUSION/ABRASIONS EYE","10","F",,
"F76","FOREIGN BODY IN EYE","10","F",,
"F79","INJURY EYE, OTHER","10","F",,
"F80","BLOCKED LACRIMAL DUCT OF INFANT","11","F",,
"F81","CONGENITAL ANOMALY EYE, OTHER","11","F",,
"F82","DETACHED RETINA","12","F",,
"F83","RETINOPATHY","12","F",,
"F84","MACULAR DEGENERATION","12","F",,
"F85","CORNEAL ULCER (INCL HERPETIC)","12","F",,
"F86","TRACHOMA","12","F",,
"F91","REFRACTIVE ERROR","12","F",,
"F92","CATARACT","12","F",,
"F93","GLAUCOMA","12","F",,
"F94","BLINDNESS","12","F",,
"F95","STRABISMUS","12","F",,
"F99","EYE/ADNEXA DISEASE, OTHER","12","F",,
"H01","PAIN, EAR/EARACHE","1","H",,
"H02","HEARING COMPLAINT","1","H",,
"H03","TINNITUS, RINGING/BUZZING EAR","1","H",,
"H04","EAR DISCHARGE","1","H",,
"H05","BLEEDING EAR","1","H",,
"H13","PLUGGED FEELING EAR","1","H",,
"H15","CONCERN ABOUT APPEARANCE OF EARS","1","H",,
"H27","FEAR OF EAR DISEASE","1","H",,
"H28","LIMITED FUNCTION/DISABILITY EAR","1","H",,
"H29","EAR SYMPTOM/COMPLAINT, OTHER","1","H",,
"H30","MED EXAM/HEALTH EVALUATION - COMPLETE EAR","2","H",,
"H31","MED EXAM/HEALTH EVALUATION - PARTIAL EAR","2","H",,
"H32","SENSITIVITY TEST EAR","2","H",,
"H33","MICROBIOLOGY/IMMUNOLOGY TEST EAR","2","H",,
"H34","BLOOD TEST EAR","2","H",,
"H35","URINE TEST EAR","2","H",,
"H36","FAECES TEST EAR","2","H",,
"H37","HISTOLOGICAL/EXFOLIATIVE CYTOLOGY EAR","2","H",,
"H38","OTHER LABORATORY TEST NEC EAR","2","H",,
"H39","PHYSICAL FUNCTION TEST EAR","2","H",,
"H40","DIAGNOSTIC ENDOSCOPY EAR","2","H",,
"H41","DIAGNOSTIC RADIOLOGY/IMAGING EAR","2","H",,
"H42","ELECTRICAL TRACINGS EAR","2","H",,
"H43","OTHER DIAGNOSTIC PROCEDURES EAR","2","H",,
"H44","PREVENTIVE IMMUNISATION/MEDICATION EAR","2","H",,
"H45","OBSERVATION/HEALTH EDUCAT/ADVICE/DIET EAR","2","H",,
"H46","CONSULT WITH PRIMARY CARE PROVIDER EAR","2","H",,
"H47","CONSULTATION WITH SPECIALIST EAR","2","H",,
"H48","CLARIFY/DISCUSS PATIENT RFE/DEMAND EAR","2","H",,
"H49","OTHER PREVENTIVE PROCED EAR","2","H",,
"H50","MEDICATION/SCRIPT/REQUEST/RENEW/INJECT EAR","3","H",,
"H51","INCIS/DRAIN/FLUSH/ASPIR/REM BODY FLUID(EXCL CATH)","3","H",,
"H52","EXCISE/REMOV TISSUE/BIOPSY/DESTRUCT/DEBRIDE/CAUTER","3","H",,
"H53","INSTRUMENTATION/CATHETER/INTUBATE/DILATE EAR","3","H",,
"H54","REPAIR/FIXATE-SUTURE/CAST/PROSTH DEV (APPL/REM)","3","H",,
"H55","LOCAL INJECTION/INFILTRATION EAR","3","H",,
"H56","DRESSING/PRESSURE/COMPRESSION/TAMPONADE EAR","3","H",,
"H57","PHYSICAL MEDICINE/REHABILITATION EAR","3","H",,
"H58","THERAPEUTIC COUNSELLING/LISTENING EAR","3","H",,
"H59","OTHER THERAPEUTIC PROCED/MINOR SURG EAR","3","H",,
"H60","RESULTS TESTS/PROCEDURES EAR","4","H",,
"H61","RESULT EXAM/TEST/RECORD/LET FROM OTH PROVID EAR","4","H",,
"H62","ADMINISTRATIVE PROCEDURE EAR","5","H",,
"H63","FOLLOW-UP ENCOUNTER UNSPECIFIED EAR","6","H",,
"H64","ENCOUNTER/PROB INITIATED BY PROVIDER EAR","6","H",,
"H65","ENCOUNT/PROB INITIATE OTHER THAN PT/PROVID EAR","6","H",,
"H66","REFER OTH PROVID/NURSE/THERA/SOCIAL WKR EAR","6","H",,
"H67","REFER PHYSICIAN/SPECIALIST/CLINIC/HOSP EAR","6","H",,
"H68","OTHER REFERRALS NEC EAR","6","H",,
"H69","OTHER REASON FOR ENCOUNTER NEC EAR","6","H",,
"H70","OTITIS EXTERNA","8","H",,
"H71","ACUTE OTITIS MEDIA/MYRINGITIS","8","H",,
"H72","SEROUS OTITIS MEDIA","8","H",,
"H73","EUSTACHIAN SALPINGITIS","12","H",,
"H74","CHRONIC OTITIS MEDIA","8","H",,
"H75","NEOPLASM EAR","9","H",,
"H76","FOREIGN BODY IN EAR","10","H",,
"H77","PERFORATION EAR DRUM","10","H",,
"H78","INJURY EAR, SUPERFICIAL","10","H",,
"H79","INJURY EAR, OTHER","10","H",,
"H80","CONGENITAL ANOMALY EAR","11","H",,
"H81","EXCESSIVE EAR WAX","12","H",,
"H82","VERTIGINOUS SYNDROMES","12","H",,
"H83","OTOSCLEROSIS","12","H",,
"H84","PRESBYACUSIS","12","H",,
"H85","ACOUSTIC TRAUMA","10","H",,
"H86","DEAFNESS","12","H",,
"H99","EAR/MASTOID DISEASE, OTHER","12","H",,
"K01","PAIN, HEART","1","K",,
"K02","PRESSURE/TIGHTNESS OF HEART","1","K",,
"K03","PAIN, CARDIOVASCULAR NOS","1","K",,
"K04","PALPITATIONS/AWARENESS OF HEART","1","K",,
"K05","IRREGULAR HEARTBEAT, OTHER","1","K",,
"K06","PROMINENT VEINS","1","K",,
"K07","SWOLLEN ANKLES/OEDEMA","1","K",,
"K22","RISK FACTOR FOR CARDIOVASCULAR DISEASE","1","K",,
"K24","FEAR OF HEART DISEASE","1","K",,
"K25","FEAR OF HYPERTENSION","1","K",,
"K27","FEAR OF CARDIOVASCULAR DISEASE,  OTHER","1","K",,
"K28","LIMITED FUNCTION/DISABILITY CARDIOVASCULAR","1","K",,
"K29","CARDIOVASCULAR SYMPTOM/COMPLAINT, OTHER","1","K",,
"K30","MED EXAM/HEALTH EVALUATION - COMPLETE CARDIOVASCUL","2","K",,
"K31","MED EXAM/HEALTH EVALUATION - PARTIAL CARDIOVASCUL","2","K",,
"K32","SENSITIVITY TEST CARDIOVASCULAR","2","K",,
"K33","MICROBIOLOGY/IMMUNOLOGY TEST CARDIOVACULAR","2","K",,
"K34","BLOOD TEST CARDIOVASCULAR","2","K",,
"K35","URINE TEST CARDIOVASCULAR","2","K",,
"K36","FAECES TEST CARDIOVASCULAR","2","K",,
"K37","HISTOLOGICAL/EXFOLIATIVE CYTOLOGY CARDIOVASCULAR","2","K",,
"K38","OTHER LABORATORY TEST NEC CARDIOVASCULAR","2","K",,
"K39","PHYSICAL FUNCTION TEST CARDIOVASCULAR","2","K",,
"K40","DIAGNOSTIC ENDOSCOPY CARDIOVASCULAR","2","K",,
"K41","DIAGNOSTIC RADIOLOGY/IMAGING CARDIOVASCULAR","2","K",,
"K42","ELECTRICAL TRACINGS CARDIOVASCULAR","2","K",,
"K43","OTHER DIAGNOSTIC PROCEDURES CARDIOVASCULAR","2","K",,
"K44","PREVENTIVE IMMUNISATION/MEDICATION CARDIOVASCULAR","2","K",,
"K45","OBSERVATION/HEALTH EDUCAT/ADVICE/DIET CARDIOVASCUL","2","K",,
"K46","CONSULT WITH PRIMARY CARE PROVIDER CARDIOVASCULAR","2","K",,
"K47","CONSULTATION WITH SPECIALIST CARDIOVASCULAR","2","K",,
"K48","CLARIFY/DISCUSS PATIENT RFE/DEMAND CARDIOVASULAR","2","K",,
"K49","OTHER PREVENTIVE PROCED CARDIOVASCULAR","2","K",,
"K50","MEDICATION/SCRIPT/REQUEST/RENEW/INJECT CARDIOVASCU","3","K",,
"K51","INCIS/DRAIN/FLUSH/ASPIR/REM BODY FLUID(EXCL CATH)","3","K",,
"K52","EXCISE/REMOV TISSUE/BIOPSY/DESTRUCT/DEBRIDE/CAUTER","3","K",,
"K53","INSTRUMENTATION/CATHETER/INTUBATE/DILATE CARDIOVAS","3","K",,
"K54","REPAIR/FIXATE-SUTURE/CAST/PROSTH DEV (APPL/REM)","3","K",,
"K55","LOCAL INJECTION/INFILTRATION CARDIOVASCULAR","3","K",,
"K56","DRESSING/PRESSURE/COMPRESSION/TAMPONADE CARDIOVASC","3","K",,
"K57","PHYSICAL MEDICINE/REHABILITATION CARDIOVASCULAR","3","K",,
"K58","THERAPEUTIC COUNSELLING/LISTENING CARDIOVASCULAR","3","K",,
"K59","OTHER THERAPEUTIC PROCED/MINOR SURG CARDIOVASCULAR","3","K",,
"K60","RESULTS TESTS/PROCEDURES CARDIOVASCULAR","4","K",,
"K61","RESULT EXAM/TEST/RECORD/LET FROM OTH PROVID CARDIO","4","K",,
"K62","ADMINISTRATIVE PROCEDURE CARDIOVASCULAR","5","K",,
"K63","FOLLOW-UP ENCOUNTER UNSPECIFIED CARDIOVASCULAR","6","K",,
"K64","ENCOUNTER/PROB INITIATED BY PROVIDER CARDIOVASCUL","6","K",,
"K65","ENCOUNT/PROB INITIATE OTHER THAN PT/PROVID CARDIO","6","K",,
"K66","REFER OTH PROVID/NURSE/THERA/SOCIAL WKR CARDIOVASC","6","K",,
"K67","REFER PHYSICIAN/SPECIALIST/CLINIC/HOSP CARDIOVASC","6","K",,
"K68","OTHER REFERRALS NEC CARDIOVACULAR","6","K",,
"K69","OTHER REASON FOR ENCOUNTER NEC CARDIOVASCULAR","6","K",,
"K70","CARDIOVASCULAR SYSTEM INFECTION","8","K",,
"K71","RHEUMATIC FEVER/HEART DISEASE","8","K",,
"K72","NEOPLASM CARDIOVASCULAR","9","K",,
"K73","CONGENITAL ANOMALY CARDIOVASCULAR","11","K",,
"K74","ISCHAEMIC HEART DISEASE WITH ANGINA","12","K",,
"K75","ACUTE MYOCARDIAL INFARCTION","12","K",,
"K76","ISCHAEMIC HEART DISEASE WITHOUT ANGINA","12","K",,
"K77","HEART FAILURE","12","K",,
"K78","ATRIAL FIBRILLATION/FLUTTER","12","K",,
"K79","PAROXYSMAL TACHYCARDIA","12","K",,
"K80","CARDIAC ARRHYTHMIA NOS","12","K",,
"K81","HEART/ARTERIAL MURMER NOS","12","K",,
"K82","PULMONARY HEART DISEASE","12","K",,
"K83","HEART VALVE DISEASE NOS","12","K",,
"K84","HEART DISEASE, OTHER","12","K",,
"K85","ELEVATED BLOOD PRESSURE","1","K",,
"K86","HYPERTENSION, UNCOMPLICATED","12","K",,
"K87","HYPERTENSION, COMPLICATED","12","K",,
"K88","POSTURAL HYPOTENSION (LOW BLOOD PRESSURE)","12","K",,
"K89","TRANSIENT CEREBRAL ISCHAEMIA","12","K",,
"K90","STROKE/CEREBROVASCULAR ACCIDENT","12","K",,
"K91","CEREBROVASCULAR DISEASE (EXCL HEART/BRAIN)","12","K",,
"K92","ATHEROSCLEROSIS/PERIPHERAL VASCULAR DISEASE","12","K",,
"K93","PULMONARY EMBOLISM","12","K",,
"K94","PHLEBITIS AND THROMBOPHLEBITIS","12","K",,
"K95","VARICOSE VEINS OF LEG","12","K",,
"K96","HAEMORRHOIDS","12","K",,
"K99","CARDIOVASCULAR DISEASE, OTHER","12","K",,
"L01","NECK SYMPTOM/COMPLAINT","1","L",,
"L02","BACK SYMPTOM/COMPLAINT","1","L",,
"L03","LOW BACK SYMPTOM/COMPLAINT","1","L",,
"L04","CHEST SYMPTOM/COMPLAINT","1","L",,
"L05","FLANK/AXILLA SYMPTOM/COMPLAINT","1","L",,
"L06","Transferred to L05",,,,
"L07","JAW SYMPTOM/COMPLAINT","1","L",,
"L08","SHOULDER SYMPTOM/COMPLAINT","1","L",,
"L09","ARM SYMPTOM/COMPLAINT","1","L",,
"L10","ELBOW SYMPTOM/COMPLAINT","1","L",,
"L11","WRIST SYMPTOM/COMPLAINT","1","L",,
"L12","HAND & FINGER SYMPTOM/COMPLAINT","1","L",,
"L13","HIP SYMPTOM/COMPLAINT","1","L",,
"L14","LEG/THIGH SYMPTOM/COMPLAINT","1","L",,
"L15","KNEE SYMPTOM/COMPLAINT","1","L",,
"L16","ANKLE SYMPTOM/COMPLAINT","1","L",,
"L17","FOOT & TOE SYMPTOM/COMPLAINT","1","L",,
"L18","PAIN, MUSCLE","1","L",,
"L19","MUSCLE SYMPTOM/COMPLAINT NOS","1","L",,
"L20","JOINT SYMPTOM/COMPLAINT NOS","1","L",,
"L26","FEAR OF CANCER, MUSCULOSKELETAL","1","L",,
"L27","FEAR OF MUSCULOSKELETAL DISEASE, OTHER","1","L",,
"L28","LIMITED FUNCTION/DISABILITY MUSCULOSKELETAL","1","L",,
"L29","MUSCULOSKELETAL SYMPTOM/COMPLAINT, OTHER","1","L",,
"L30","MED EXAM/HEALTH EVALUATION - COMPLETE MUSCULOSKEL","2","L",,
"L31","MED EXAM/HEALTH EVALUATION - PARTIAL MUSCULOSKELET","2","L",,
"L32","SENSITIVITY TEST MUSCULOSKELETAL","2","L",,
"L33","MICROBIOLOGY/IMMUNOLOGY TEST MUSCULOSKELETAL","2","L",,
"L34","BLOOD TEST MUSCULOSKELETAL","2","L",,
"L35","URINE TEST MUSCULOSKELETAL","2","L",,
"L36","FAECES TEST MUSCULOSKELETAL","2","L",,
"L37","HISTOLOGICAL/EXFOLIATIVE CYTOLOGY MUSCULOSKELETAL","2","L",,
"L38","OTHER LABORATORY TEST NEC MUSCULOSKELETAL","2","L",,
"L39","PHYSICAL FUNCTION TEST MUSCULOSKELETAL","2","L",,
"L40","DIAGNOSTIC ENDOSCOPY MUSCULOSKELETAL","2","L",,
"L41","DIAGNOSTIC RADIOLOGY/IMAGING MUSCULOSKELETAL","2","L",,
"L42","ELECTRICAL TRACINGS MUSCULOSKELETAL","2","L",,
"L43","OTHER DIAGNOSTIC PROCEDURES MUSCULOSKELETAL","2","L",,
"L44","PREVENTIVE IMMUNISATION/MEDICATION MUSCULOSKELETAL","2","L",,
"L45","OBSERVATION/HEALTH EDUCAT/ADVICE/DIET MUSCULOSKEL","2","L",,
"L46","CONSULT WITH PRIMARY CARE PROVIDER MUSCULOSKELETAL","2","L",,
"L47","CONSULTATION WITH SPECIALIST MUSCULOSKELETAL","2","L",,
"L48","CLARIFY/DISCUSS PATIENT RFE/DEMAND MUSCULOSKELETAL","2","L",,
"L49","OTHER PREVENTIVE PROCED MUSCULOSKELETAL","2","L",,
"L50","MEDICATION/SCRIPT/REQUEST/RENEW/INJECT MUSCULOSKEL","3","L",,
"L51","INCIS/DRAIN/FLUSH/ASPIR/REM BODY FLUID(EXCL CATH)","3","L",,
"L52","EXCISE/REMOV TISSUE/BIOPSY/DESTRUCT/DEBRIDE/CAUTER","3","L",,
"L53","INSTRUMENTATION/CATHETER/INTUBATE/DILATE MUSCULOSK","3","L",,
"L54","REPAIR/FIXATE-SUTURE/CAST/PROSTH DEV (APPL/REM)","3","L",,
"L55","LOCAL INJECTION/INFILTRATION MUSCULOSKELETAL","3","L",,
"L56","DRESSING/PRESSURE/COMPRESSION/TAMPONADE MUSCULOSK","3","L",,
"L57","PHYSICAL MEDICINE/REHABILITATION MUSCULOSKELETAL","3","L",,
"L58","THERAPEUTIC COUNSELLING/LISTENING MUSCULOSKELETAL","3","L",,
"L59","OTHER THERAPEUTIC PROCED/MINOR SURG MUSCULOSKEL","3","L",,
"L60","RESULTS TESTS/PROCEDURES MUSCULOSKELETAL","4","L",,
"L61","RESULT EXAM/TEST/RECORD/LET FROM OTH PROVID MUSCUL","4","L",,
"L62","ADMINISTRATIVE PROCEDURE MUSCULOSKELETAL","5","L",,
"L63","FOLLOW-UP ENCOUNTER UNSPECIFIED MUSCULOSKELETAL","6","L",,
"L64","ENCOUNTER/PROB INITIATED BY PROVIDER MUSCULOSKEL","6","L",,
"L65","ENCOUNT/PROB INITIATE OTHER THAN PT/PROVID MUSCULO","6","L",,
"L66","REFER OTH PROVID/NURSE/THERA/SOCIAL WKR MUSCULOSK","6","L",,
"L67","REFER PHYSICIAN/SPECIALIST/CLINIC/HOSP MUSCULOSKEL","6","L",,
"L68","OTHER REFERRALS NEC MUSCULOSKELETAL","6","L",,
"L69","OTHER REASON FOR ENCOUNTER NEC MUSCULOSKELETAL","6","L",,
"L70","MUSCULOSKELETAL INFECTION","8","L",,
"L71","MALIGNANT NEOPLASM MUSCULOSKELETAL","9","L",,
"L72","FRACTURE: RADIUS/ULNA","10","L",,
"L73","FRACTURE: TIBIA/FIBULA","10","L",,
"L74","FRACTURE: HAND/FOOT BONE","10","L",,
"L75","FRACTURE: FEMUR","10","L",,
"L76","FRACTURE: OTHER","10","L",,
"L77","SPRAINS & STRAINS OF ANKLE","10","L",,
"L78","SPRAINS & STRAINS OF KNEE","10","L",,
"L79","SPRAINS & STRAINS OF JOINTS NOS","10","L",,
"L80","DISLOCATION & SUBLUXATION","10","L",,
"L81","INJURY MUSCULOSKELETAL NOS","10","L",,
"L82","CONGENITAL ANOMALY MUSCULOSKELETAL","11","L",,
"L83","NECK SYNDROME (INCL OSTEOARTHRITIS)","12","L",,
"L84","BACK SYNDROME WITHOUT RADIATING PAIN","12","L",,
"L85","ACQUIRED DEFORMITY OF SPINE","12","L",,
"L86","BACK SYNDROME WITH RADIATING PAIN","12","L",,
"L87","BURSITIS/TENDONITIS/SYNOVITIS NOS","12","L",,
"L88","RHEUMATOID ARTHRITIS","12","L",,
"L89","OSTEOARTHROSIS OF HIP","12","L",,
"L90","OSTEOARTHROSIS OF KNEE","12","L",,
"L91","OSTEOARTHROSIS, OTHER","12","L",,
"L92","SHOULDER SYNDROME (INCL ARTHRITIS, OSTEOARTHRITIS)","12","L",,
"L93","TENNIS ELBOW","12","L",,
"L94","OSTEOCHONDROSIS","12","L",,
"L95","OSTEOPOROSIS","12","L",,
"L96","ACUTE INTERNAL DAMAGE KNEE","10","L",,
"L97","BENIGN/UNCERTAIN NEOPLASM MUSCULOSKELETAL","9","L",,
"L98","ACQUIRED DEFORMITY OF LIMB","12","L",,
"L99","MUSCULOSKELETAL DISEASE, OTHER","12","L",,
"N01","HEADACHE","1","N",,
"N02","Transferred to N95",,,,
"N03","PAIN, FACE","1","N",,
"N04","RESTLESS LEGS","1","N",,
"N05","TINGLING FINGERS/FEET/TOES","1","N",,
"N06","SENSATION DISTURBANCES, OTHER","1","N",,
"N07","CONVULSIONS/SEIZURES","1","N",,
"N08","ABNORMAL INVOLUNTARY MOVEMENTS","1","N",,
"N16","DISTURBANCE SMELL/TASTE","1","N",,
"N17","VERTIGO/DIZZINESS","1","N",,
"N18","PARALYSIS/WEAKNESS","1","N",,
"N19","SPEECH DISORDER","1","N",,
"N26","FEAR OF CANCER OF NEUROLOGICAL SYSTEM","1","N",,
"N27","FEAR OF NEUROLOGICAL DISEASE, OTHER","1","N",,
"N28","LIMITED FUNCTION/DISABILITY NEUROLOGICAL","1","N",,
"N29","NEUROLOGICAL SYMPTOM/COMPLAINT, OTHER","1","N",,
"N30","MED EXAM/HEALTH EVALUATION - COMPLETE NEUROLOGICAL","2","N",,
"N31","MED EXAM/HEALTH EVALUATION - PARTIAL NEUROLOGICAL","2","N",,
"N32","SENSITIVITY TEST NEUROLOGICAL","2","N",,
"N33","MICROBIOLOGY/IMMUNOLOGY TEST NEUROLOGICAL","2","N",,
"N34","BLOOD TEST NEUROLOGICAL","2","N",,
"N35","URINE TEST NEUROLOGICAL","2","N",,
"N36","FAECES TEST NEUROLOGICAL","2","N",,
"N37","HISTOLOGICAL/EXFOLIATIVE CYTOLOGY NEUROLOGICAL","2","N",,
"N38","OTHER LABORATORY TEST NEC NEUROLOGICAL","2","N",,
"N39","PHYSICAL FUNCTION TEST NEUROLOGICAL","2","N",,
"N40","DIAGNOSTIC ENDOSCOPY NEUROLOGICAL","2","N",,
"N41","DIAGNOSTIC RADIOLOGY/IMAGING NEUROLOGICAL","2","N",,
"N42","ELECTRICAL TRACINGS NEUROLOGICAL","2","N",,
"N43","OTHER DIAGNOSTIC PROCEDURES NEUROLOGICAL","2","N",,
"N44","PREVENTIVE IMMUNISATION/MEDICATION NEUROLOGICAL","2","N",,
"N45","OBSERVATION/HEALTH EDUCAT/ADVICE/DIET NEUROLOGICAL","2","N",,
"N46","CONSULT WITH PRIMARY CARE PROVIDER NEUROLOGICAL","2","N",,
"N47","CONSULTATION WITH SPECIALIST NEUROLOGICAL","2","N",,
"N48","CLARIFY/DISCUSS PATIENT RFE/DEMAND NEUROLOGICAL","2","N",,
"N49","OTHER PREVENTIVE PROCED NEUROLOGICAL","2","N",,
"N50","MEDICATION/SCRIPT/REQUEST/RENEW/INJECT NEUROLOGIC","3","N",,
"N51","INCIS/DRAIN/FLUSH/ASPIR/REM BODY FLUID(EXCL CATH)","3","N",,
"N52","EXCISE/REMOV TISSUE/BIOPSY/DESTRUCT/DEBRIDE/CAUTER","3","N",,
"N53","INSTRUMENTATION/CATHETER/INTUBATE/DILATE NEUROLOG","3","N",,
"N54","REPAIR/FIXATE-SUTURE/CAST/PROSTH DEV (APPL/REM)","3","N",,
"N55","LOCAL INJECTION/INFILTRATION NEUROLOGICAL","3","N",,
"N56","DRESSING/PRESSURE/COMPRESSION/TAMPONADE NEUROLOGIC","3","N",,
"N57","PHYSICAL MEDICINE/REHABILITATION NEUROLOGICAL","3","N",,
"N58","THERAPEUTIC COUNSELLING/LISTENING NEUROLOGICAL","3","N",,
"N59","OTHER THERAPEUTIC PROCED/MINOR SURG NEUROLOGICAL","3","N",,
"N60","RESULTS TESTS/PROCEDURES NEUROLOGICAL","4","N",,
"N61","RESULT EXAM/TEST/RECORD/LET FROM OTH PROVID NEUROL","4","N",,
"N62","ADMINISTRATIVE PROCEDURE NEUROLOGICAL","5","N",,
"N63","FOLLOW-UP ENCOUNTER UNSPECIFIED NEUROLOGICAL","6","N",,
"N64","ENCOUNTER/PROB INITIATED BY PROVIDER NEUROLOGIC","6","N",,
"N65","ENCOUNT/PROB INITIATE OTHER THAN PT/PROVID NEURO","6","N",,
"N66","REFER OTH PROVID/NURSE/THERA/SOCIAL WKR NEUROLOGIC","6","N",,
"N67","REFER PHYSICIAN/SPECIALIST/CLINIC/HOSP NEUROLOGIC","6","N",,
"N68","OTHER REFERRALS NEC NEUROLOGICAL","6","N",,
"N69","OTHER REASON FOR ENCOUNTER NEC NEUROLOGICAL","6","N",,
"N70","POLIOMYELITIS","8","N",,
"N71","MENINGITIS/ENCEPHALITIS","8","N",,
"N72","TETANUS","8","N",,
"N73","NEUROLOGICAL INFECTION, OTHER","8","N",,
"N74","MALIGNANT NEOPLASM NERVOUS SYSTEM","9","N",,
"N75","BENIGN NEOPLASM NERVOUS SYSTEM","9","N",,
"N76","UNCERTAIN NATURE NEOPLASM NERVOUS SYSTEM","9","N",,
"N79","CONCUSSION","10","N",,
"N80","INJURY HEAD, OTHER","10","N",,
"N81","INJURY NERVOUS SYSTEM, OTHER","10","N",,
"N85","CONGENITAL ANOMALY NEUROLOGICAL","11","N",,
"N86","MULTIPLE SCLEROSIS","12","N",,
"N87","PARKINSONISM","12","N",,
"N88","EPILEPSY","12","N",,
"N89","MIGRAINE","12","N",,
"N90","CLUSTER HEADACHE","12","N",,
"N91","FACIAL PARALYSIS/BELL'S PALSY","12","N",,
"N92","TRIGEMINAL NEURALGIA","12","N",,
"N93","CARPAL TUNNEL SYNDROME","12","N",,
"N94","PERIPHERAL NEURITIS/NEUROPATHY","12","N",,
"N95","TENSION HEADACHE","12","N",,
"N99","NEUROLOGICAL DISEASE, OTHER","12","N",,
"P01","FEELING ANXIOUS/NERVOUS/TENSE","1","P",,
"P02","ACUTE STRESS REACTION","1","P",,
"P03","FEELING DEPRESSED","1","P",,
"P04","FEELING/BEHAVING IRRITABLE/ANGRY","1","P",,
"P05","SENILITY, FEELING/BEHAVING OLD","1","P",,
"P06","SLEEP DISTURBANCE","1","P",,
"P07","SEXUAL DESIRE REDUCED","1","P",,
"P08","SEXUAL FULFILMENT REDUCED","1","P",,
"P09","CONCERN ABOUT SEXUAL PREFERENCE","1","P",,
"P10","STAMMERING, STUTTERING, TICS","1","P",,
"P11","EATING PROBLEMS IN CHILDREN","1","P",,
"P12","BEDWETTING, ENURESIS","1","P",,
"P13","ENCOPRESIS/BOWEL TRAINING PROBLEM","1","P",,
"P15","CHRONIC ALCOHOL ABUSE","1","P",,
"P16","ACUTE ALCOHOL ABUSE","1","P",,
"P17","TOBACCO ABUSE","1","P",,
"P18","MEDICATION ABUSE","1","P",,
"P19","DRUG ABUSE","1","P",,
"P20","MEMORY DISTURBANCE","1","P",,
"P21","Transferred to P81",,,,
"P22","CHILD BEHAVIOR SYMPTOM/COMPLAINT","1","P",,
"P23","ADOLESCENT BEHAVIOUR SYMPTOM/COMPLAINT","1","P",,
"P24","SPECIFIC LEARNING PROBLEM","1","P",,
"P25","PHASE OF LIFE PROBLEM IN ADULT","1","P",,
"P27","FEAR OF MENTAL DISORDER","1","P",,
"P28","LIMITED FUNCTION/DISABILITY PSYCHOLOGICAL","1","P",,
"P29","PSYCHOLOGICAL SYMPTOM/COMPLAINT, OTHER","1","P",,
"P30","MED EXAM/HEALTH EVALUATION - COMPLETE PSYCHOLOGIC","2","P",,
"P31","MED EXAM/HEALTH EVALUATION - PARTIAL PSYCHOLOGICAL","2","P",,
"P32","SENSITIVITY TEST PSYCHOLOGICAL","2","P",,
"P33","MICROBIOLOGY/IMMUNOLOGY TEST PSYCHOLOGICAL","2","P",,
"P34","BLOOD TEST PSYCHOLOGICAL","2","P",,
"P35","URINE TEST PSYCHOLOGICAL","2","P",,
"P36","FAECES TEST PSYCHOLOGICAL","2","P",,
"P37","HISTOLOGICAL/EXFOLIATIVE CYTOLOGY PSYCHOLOGICAL","2","P",,
"P38","OTHER LABORATORY TEST NEC PSYCHOLOGICAL","2","P",,
"P39","PHYSICAL FUNCTION TEST PSYCHOLOGICAL","2","P",,
"P40","DIAGNOSTIC ENDOSCOPY PSYCHOLOGICAL","2","P",,
"P41","DIAGNOSTIC RADIOLOGY/IMAGING PSYCHOLOGICAL","2","P",,
"P42","ELECTRICAL TRACINGS PSYCHOLOGICAL","2","P",,
"P43","OTHER DIAGNOSTIC PROCEDURES PSYCHOLOGICAL","2","P",,
"P44","PREVENTIVE IMMUNISATION/MEDICATION PSYCHOLOGICAL","2","P",,
"P45","OBSERVATION/HEALTH EDUCAT/ADVICE/DIET PSYCHOLOGIC","2","P",,
"P46","CONSULT WITH PRIMARY CARE PROVIDER PSYCHOLOGICAL","2","P",,
"P47","CONSULTATION WITH SPECIALIST PSYCHOLOGICAL","2","P",,
"P48","CLARIFY/DISCUSS PATIENT RFE/DEMAND PSYCHOLOGICAL","2","P",,
"P49","OTHER PREVENTIVE PROCED PSYCHOLOGICAL","2","P",,
"P50","MEDICATION/SCRIPT/REQUEST/RENEW/INJECT PSYCHOLOGIC","3","P",,
"P51","INCIS/DRAIN/FLUSH/ASPIR/REM BODY FLUID(EXCL CATH)","3","P",,
"P52","EXCISE/REMOV TISSUE/BIOPSY/DESTRUCT/DEBRIDE/CAUTER","3","P",,
"P53","INSTRUMENTATION/CATHETER/INTUBATE/DILATE PSYCHOLOG","3","P",,
"P54","REPAIR/FIXATE-SUTURE/CAST/PROSTH DEV (APPL/REM)","3","P",,
"P55","LOCAL INJECTION/INFILTRATION PSYCHOLOGICAL","3","P",,
"P56","DRESSING/PRESSURE/COMPRESSION/TAMPONADE PSYCHOLOG","3","P",,
"P57","PHYSICAL MEDICINE/REHABILITATION PSYCHOLOGICAL","3","P",,
"P58","THERAPEUTIC COUNSELLING/LISTENING PSYCHOLOGICAL","3","P",,
"P59","OTHER THERAPEUTIC PROCED/MINOR SURG PSYCHOLOGICAL","3","P",,
"P60","RESULTS TESTS/PROCEDURES PSYCHOLOGICAL","4","P",,
"P61","RESULT EXAM/TEST/RECORD/LET FROM OTH PROVID PSYCH","4","P",,
"P62","ADMINISTRATIVE PROCEDURE PSYCHOLOGICAL","5","P",,
"P63","FOLLOW-UP ENCOUNTER UNSPECIFIED PSYCHOLOGICAL","6","P",,
"P64","ENCOUNTER/PROB INITIATED BY PROVIDER PSYCHOLOGICAL","6","P",,
"P65","ENCOUNT/PROB INITIATE OTHER THAN PT/PROVID PSYCHOL","6","P",,
"P66","REFER OTH PROVID/NURSE/THERA/SOCIAL WKR PSYCHOLOG","6","P",,
"P67","REFER PHYSICIAN/SPECIALIST/CLINIC/HOSP PSYCHOLOGIC","6","P",,
"P68","OTHER REFERRALS NEC PSYCHOLOGICAL","6","P",,
"P69","OTHER REASON FOR ENCOUNTER NEC PSYCHOLOGICAL","6","P",,
"P70","DEMENTIA (INCL SENILE, ALZHEIMER)","1","P",,
"P71","ORGANIC PSYCHOSIS, OTHER","12","P",,
"P72","SCHIZOPHRENIA","12","P",,
"P73","AFFECTIVE PSYCHOSIS","12","P",,
"P74","ANXIETY DISORDER/ANXIETY STATE","12","P",,
"P75","SOMATISATION DISORDER","12","P",,
"P76","DEPRESSIVE DISORDER","12","P",,
"P77","SUICIDE/SUICIDE ATTEMPT","10","P",,
"P78","NEURASTHENIA, SURMENAGE","12","P",,
"P79","PHOBIA, COMPULSIVE DISORDER","12","P",,
"P80","PERSONALITY DISORDER","12","P",,
"P81","HYPERKINETIC DISORDER","12","P",,
"P82","POST TRAUMATIC STRESS DISORDER","12","P",,
"P85","MENTAL RETARDATION","11","P",,
"P86","ANOREXIA NERVOSA, BULIMIA","12","P",,
"P98","PSYCHOSES NOS, OTHER","12","P",,
"P99","PSYCHOLOGICAL DISORDERS, OTHER","12","P",,
"R01","PAIN, RESPIRATORY SYSTEM","1","R",,
"R02","SHORTNESS OF BREATH, DYSPNOEA","1","R",,
"R03","WHEEZING","1","R",,
"R04","BREATHING PROBLEMS, OTHER","1","R",,
"R05","COUGH","1","R",,
"R06","NOSE BLEED/EPISTAXIS","1","R",,
"R07","SNEEZING/NASAL CONGESTION","1","R",,
"R08","NOSE SYMPTOM/COMPLAINT, OTHER","1","R",,
"R09","SINUS SYMPTOM/COMPLAINT  (INCL PAIN)","1","R",,
"R21","THROAT SYMPTOM/COMPLAINT","1","R",,
"R22","Transferred to R21",,,,
"R23","VOICE SYMPTOM/COMPLAINT","1","R",,
"R24","HAEMOPTYSIS","1","R",,
"R25","SPUTUM/PHLEGM ABNORMAL","1","R",,
"R26","FEAR OF CANCER OF RESPIRATORY  SYSTEM","1","R",,
"R27","FEAR OF RESPIRATORY DISEASE, OTHER","1","R",,
"R28","LIMITED FUNCTION/DISABILITY RESPIRATORY","1","R",,
"R29","RESPIRATORY SYMPTOM/COMPLAINT, OTHER","1","R",,
"R30","MED EXAM/HEALTH EVALUATION - COMPLETE RESPIRATORY","2","R",,
"R31","MED EXAM/HEALTH EVALUATION - PARTIAL RESPIRATORY","2","R",,
"R32","SENSITIVITY TEST RESPIRATORY","2","R",,
"R33","MICROBIOLOGY/IMMUNOLOGY TEST RESPIRATORY","2","R",,
"R34","BLOOD TEST RESPIRATORY","2","R",,
"R35","URINE TEST RESPIRATORY","2","R",,
"R36","FAECES TEST RESPIRATORY","2","R",,
"R37","HISTOLOGICAL/EXFOLIATIVE CYTOLOGY RESPIRATORY","2","R",,
"R38","OTHER LABORATORY TEST NEC RESPIRATORY","2","R",,
"R39","PHYSICAL FUNCTION TEST RESPIRATORY","2","R",,
"R40","DIAGNOSTIC ENDOSCOPY RESPIRATORY","2","R",,
"R41","DIAGNOSTIC RADIOLOGY/IMAGING RESPIRATORY","2","R",,
"R42","ELECTRICAL TRACINGS RESPIRTORY","2","R",,
"R43","OTHER DIAGNOSTIC PROCEDURES RESPIRATORY","2","R",,
"R44","PREVENTIVE IMMUNISATION/MEDICATION RESPIRATORY","2","R",,
"R45","OBSERVATION/HEALTH EDUCAT/ADVICE/DIET RESPIRATORY","2","R",,
"R46","CONSULT WITH PRIMARY CARE PROVIDER RESPIRATORY","2","R",,
"R47","CONSULTATION WITH SPECIALIST RESPIRAORY","2","R",,
"R48","CLARIFY/DISCUSS PATIENT RFE/DEMAND RESPIRATORY","2","R",,
"R49","OTHER PREVENTIVE PROCED RESPIRATORY","2","R",,
"R50","MEDICATION/SCRIPT/REQUEST/RENEW/INJECT RESPIRATORY","3","R",,
"R51","INCIS/DRAIN/FLUSH/ASPIR/REM BODY FLUID(EXCL CATH)","3","R",,
"R52","EXCISE/REMOV TISSUE/BIOPSY/DESTRUCT/DEBRIDE/CAUTER","3","R",,
"R53","INSTRUMENTATION/CATHETER/INTUBATE/DILATE RESPIRAT","3","R",,
"R54","REPAIR/FIXATE-SUTURE/CAST/PROSTH DEV (APPL/REM)","3","R",,
"R55","LOCAL INJECTION/INFILTRATION RESPIRATORY","3","R",,
"R56","DRESSING/PRESSURE/COMPRESSION/TAMPONADE RESPIRAT","3","R",,
"R57","PHYSICAL MEDICINE/REHABILITATION RESPIRATORY","3","R",,
"R58","THERAPEUTIC COUNSELLING/LISTENING RESPIRATORY","3","R",,
"R59","OTHER THERAPEUTIC PROCED/MINOR SURG RESPIRATORY","3","R",,
"R60","RESULTS TESTS/PROCEDURES RESPIRATORY","4","R",,
"R61","RESULT EXAM/TEST/RECORD/LET FROM OTH PROVID RESPIR","4","R",,
"R62","ADMINISTRATIVE PROCEDURE RESPIRATORY","5","R",,
"R63","FOLLOW-UP ENCOUNTER UNSPECIFIED RESPIRATORY","6","R",,
"R64","ENCOUNTER/PROB INITIATED BY PROVIDER RESPIRATORY","6","R",,
"R65","ENCOUNT/PROB INITIATE OTHER THAN PT/PROVID RESPIR","6","R",,
"R66","REFER OTH PROVID/NURSE/THERA/SOCIAL WKR RESPIRATOR","6","R",,
"R67","REFER PHYSICIAN/SPECIALIST/CLINIC/HOSP RESPIRATORY","6","R",,
"R68","OTHER REFERRALS NEC RESPIRATORY","6","R",,
"R69","OTHER REASON FOR ENCOUNTER NEC RESPIRATORY","6","R",,
"R70","Transferred to A70",,,,
"R71","WHOOPING COUGH","8","R",,
"R72","STREP THROAT","8","R",,
"R73","BOIL, ABSCESS NOSE","8","R",,
"R74","UPPER RESPRATORY INFECTION, ACUTE","8","R",,
"R75","SINUSITIS ACUTE/CHRONIC","8","R",,
"R76","TONSILLITIS ACUTE","8","R",,
"R77","LARYNGITIS/TRACHEITIS, ACUTE","8","R",,
"R78","ACUTE BRONCHITIS/BRONCHIOLITIS","8","R",,
"R79","CHRONIC BRONCHITIS","8","R",,
"R80","INFLUENZA","8","R",,
"R81","PNEUMONIA","8","R",,
"R82","PLEURISY/PLEURAL EFFUSION","8","R",,
"R83","RESPIRATORY INFECTION, OTHER","8","R",,
"R84","MALIGNANT NEOPLASM BRONCHUS, LUNG","9","R",,
"R85","MALIGNANT NEOPLASM RESPIRATORY, OTHER","9","R",,
"R86","BENIGN NEOPLASM RESPIRATORY","9","R",,
"R87","FOREIGN BODY IN NOSE/LARYNX/BRONCHUS","10","R",,
"R88","INJURY RESPIRATORY, OTHER","10","R",,
"R89","CONGENITAL ANOMALY RESPIRATORY","11","R",,
"R90","HYPERTROPHY TONSILS/ADENOIDS","12","R",,
"R91","Transferred to R79",,,,
"R92","UNCERTAIN NATURE NEOPLASM RESPIRATORY","9","R",,
"R93","Transferred to R82",,,,
"R95","CHRONIC OBSTRUCTIVE PULMONARY DISEASE","12","R",,
"R96","ASTHMA","12","R",,
"R97","ALLERGIC RHINITIS","12","R",,
"R98","HYPERVENTILATION SYNDROME","1","R",,
"R99","RESPIRATORY DISEASE, OTHER","12","R",,
"S01","PAIN, TENDERNESS OF SKIN","1","S",,
"S02","PRURITUS","1","S",,
"S03","WARTS","1","S",,
"S04","LUMP/SWELLING, LOCALISED","1","S",,
"S05","LUMP/SWELLING, MULTIPLE","1","S",,
"S06","RASH LOCALIZED","1","S",,
"S07","RASH GENERALIZED","1","S",,
"S08","SKIN COLOR CHANGE","1","S",,
"S09","INFECTED FINGER/TOE","1","S",,
"S10","BOIL/CARBUNCLE","1","S",,
"S11","SKIN INFECTION, POST TRAUMATIC","1","S",,
"S12","INSECT BITE/STING","1","S",,
"S13","ANIMAL/HUMAN BITE","1","S",,
"S14","BURNS/SCALDS","1","S",,
"S15","FOREIGN BODY IN SKIN","1","S",,
"S16","BRUISE/CONTUSION","1","S",,
"S17","ABRASION/SCRATCH/BLISTER","1","S",,
"S18","LACERATION/CUT","1","S",,
"S19","INJURY SKIN, OTHER","1","S",,
"S20","CORNS/CALOSITIES","1","S",,
"S21","SKIN TEXTURE SYMPTOM/COMPLAINT","1","S",,
"S22","NAIL SYMPTOM/COMPLAINT","1","S",,
"S23","HAIR LOSS/BALDNESS (INCL ALOPECIA)","1","S",,
"S24","HAIR/SCALP SYMPTOM/COMPLAINT","1","S",,
"S26","FEAR OF CANCER OF SKIN","1","S",,
"S27","FEAR OF SKIN DISEASE, OTHER","1","S",,
"S28","LIMITED FUNCTION/DISABILITY SKIN","1","S",,
"S29","SKIN SYMPTOM/COMPLAINT","1","S",,
"S30","MED EXAM/HEALTH EVALUATION - COMPLETE SKIN","2","S",,
"S31","MED EXAM/HEALTH EVALUATION - PARTIAL SKIN","2","S",,
"S32","SENSITIVITY TEST SKIN","2","S",,
"S33","MICROBIOLOGY/IMMUNOLOGY TEST SKIN","2","S",,
"S34","BLOOD TEST SKIN","2","S",,
"S35","URINE TEST SKIN","2","S",,
"S36","FAECES TEST SKIN","2","S",,
"S37","HISTOLOGICAL/EXFOLIATIVE CYTOLOGY SKIN","2","S",,
"S38","OTHER LABORATORY TEST NEC SKIN","2","S",,
"S39","PHYSICAL FUNCTION TEST SKIN","2","S",,
"S40","DIAGNOSTIC ENDOSCOPY SKIN","2","S",,
"S41","DIAGNOSTIC RADIOLOGY/IMAGING SKIN","2","S",,
"S42","ELECTRICAL TRACINGS SKIN","2","S",,
"S43","OTHER DIAGNOSTIC PROCEDURES SKIN","2","S",,
"S44","PREVENTIVE IMMUNISATION/MEDICATION SKIN","2","S",,
"S45","OBSERVATION/HEALTH EDUCAT/ADVICE/DIET SKIN","2","S",,
"S46","CONSULT WITH PRIMARY CARE PROVIDER SKIN","2","S",,
"S47","CONSULTATION WITH SPECIALIST SKIN","2","S",,
"S48","CLARIFY/DISCUSS PATIENT RFE/DEMAND SKIN","2","S",,
"S49","OTHER PREVENTIVE PROCED SKIN","2","S",,
"S50","MEDICATION/SCRIPT/REQUEST/RENEW/INJECT SKIN","3","S",,
"S51","INCIS/DRAIN/FLUSH/ASPIR/REM BODY FLUID(EXCL CATH)","3","S",,
"S52","EXCISE/REMOV TISSUE/BIOPSY/DESTRUCT/DEBRIDE/CAUTER","3","S",,
"S53","INSTRUMENTATION/CATHETER/INTUBATE/DILATE SKIN","3","S",,
"S54","REPAIR/FIXATE-SUTURE/CAST/PROSTH DEV (APPL/REM)","3","S",,
"S55","LOCAL INJECTION/INFILTRATION SKIN","3","S",,
"S56","DRESSING/PRESSURE/COMPRESSION/TAMPONADE SKIN","3","S",,
"S57","PHYSICAL MEDICINE/REHABILITATION SKIN","3","S",,
"S58","THERAPEUTIC COUNSELLING/LISTENING SKIN","3","S",,
"S59","OTHER THERAPEUTIC PROCED/MINOR SURG SKIN","3","S",,
"S60","RESULTS TESTS/PROCEDURES SKIN","4","S",,
"S61","RESULT EXAM/TEST/RECORD/LET FROM OTH PROVID SKIN","4","S",,
"S62","ADMINISTRATIVE PROCEDURE SKIN","5","S",,
"S63","FOLLOW-UP ENCOUNTER UNSPECIFIED SKIN","6","S",,
"S64","ENCOUNTER/PROB INITIATED BY PROVIDER SKIN","6","S",,
"S65","ENCOUNT/PROB INITIATE OTHER THAN PT/PROVID SKIN","6","S",,
"S66","REFER OTH PROVID/NURSE/THERA/SOCIAL WKR SKIN","6","S",,
"S67","REFER PHYSICIAN/SPECIALIST/CLINIC/HOSP SKIN","6","S",,
"S68","OTHER REFERRALS NEC SKIN","6","S",,
"S69","OTHER REASON FOR ENCOUNTER NEC SKIN","6","S",,
"S70","HERPES ZOSTER","8","S",,
"S71","HERPES SIMPLEX","8","S",,
"S72","SCABIES AND OTHER ACARIASES","8","S",,
"S73","PEDICULOSIS/SKIN INFESTATIONS, OTHER","8","S",,
"S74","DERMATOPHYTOSIS","8","S",,
"S75","MONILIASIS/CANDIDIASIS SKIN","8","S",,
"S76","SKIN INFECTION, OTHER","8","S",,
"S77","MALIGNANT NEOPLASM SKIN","9","S",,
"S78","LIPOMA","9","S",,
"S79","BENIGN/UNCERTAIN NEOPLASM SKIN","9","S",,
"S80","SOLAR KERATOSIS/SUNBURN","12","S",,
"S81","HAEMANGIOMA/LYMPHANGIOMA","11","S",,
"S82","NAEVUS/MOLE","11","S",,
"S83","CONGENITAL ANOMALY SKIN, OTHER","11","S",,
"S84","IMPETIGO","12","S",,
"S85","PILONIDAL CYST/FISTULA","12","S",,
"S86","DERMATITIS, SEBORRHOEIC","12","S",,
"S87","DERMATITIS, ATOPIC ECZEMA","12","S",,
"S88","DERMATITIS, CONTACT/ALLERGIC","12","S",,
"S89","DIAPER RASH","12","S",,
"S90","PITYRIASIS ROSEA","12","S",,
"S91","PSORIASIS","12","S",,
"S92","SWEAT GLAND DISEASE","12","S",,
"S93","SEBACEOUS CYST","12","S",,
"S94","INGROWNING NAIL","12","S",,
"S95","MOLLUSCA CONTAGIOSUM","8","S",,
"S96","ACNE","12","S",,
"S97","CHRONIC ULCER SKIN (INCL VARICOSE ULCER)","12","S",,
"S98","URTICARIA","12","S",,
"S99","SKIN DISEASE, OTHER","12","S",,
"T01","EXCESSIVE THIRST","1","T",,
"T02","EXCESSIVE APPETITE","1","T",,
"T03","LOSS OF APPETITE","1","T",,
"T04","FEEDING PROBLEM OF INFANT/CHILD","1","T",,
"T05","FEEDING PROBLEM OF ADULT","1","T",,
"T06","Transferred to P86",,,,
"T07","WEIGHT GAIN","1","T",,
"T08","WEIGHT LOSS","1","T",,
"T10","GROWTH DELAY","1","T",,
"T11","DEHYDRATION","1","T",,
"T12","Transferred to T99",,,,
"T15","Transferred to T81",,,,
"T26","FEAR OF CANCER OF ENDOCRINE SYSTEM","1","T",,
"T27","FEAR OF ENDOCRINE/METABOLIC DISEASE, OTHER","1","T",,
"T28","LIMITED FUNCTION/DISABILITY ENDOCRINE/METABOLIC","1","T",,
"T29","ENDOCRINE/METAB/NUTRITION SYMPTOM/COMPLAINT, OTHER","1","T",,
"T30","MED EXAM/HEALTH EVALUATION - COMPLETE ENDO/METABOL","2","T",,
"T31","MED EXAM/HEALTH EVALUATION - PARTIAL ENDO/METABOL","2","T",,
"T32","SENSITIVITY TEST ENDOCRINE/METABOLIC","2","T",,
"T33","MICROBIOLOGY/IMMUNOLOGY TEST ENDOCRINE/METABOLIC","2","T",,
"T34","BLOOD TEST ENDOCRINE/METABOLIC","2","T",,
"T35","URINE TEST ENDOCRINE/METABOLIC","2","T",,
"T36","FAECES TEST ENDOCRINE/METABOLIC","2","T",,
"T37","HISTOLOGICAL/EXFOLIATIVE CYTOLOGY ENDOCRINE/METAB","2","T",,
"T38","OTHER LABORATORY TEST NEC ENDOCRINE/METABOLIC","2","T",,
"T39","PHYSICAL FUNCTION TEST ENDOCRINE/METABOLIC","2","T",,
"T40","DIAGNOSTIC ENDOSCOPY ENDOCRINE/METABOLIC","2","T",,
"T41","DIAGNOSTIC RADIOLOGY/IMAGING ENDOCRINE/METABOLIC","2","T",,
"T42","ELECTRICAL TRACINGS ENDOCRINE/METABOLIC","2","T",,
"T43","OTHER DIAGNOSTIC PROCEDURES ENDOCRINE/METABOLIC","2","T",,
"T44","PREVENTIVE IMMUNISATION/MEDICATION ENDO/METABOLIC","2","T",,
"T45","OBSERVATION/HEALTH EDUCAT/ADVICE/DIET ENDO/METABOL","2","T",,
"T46","CONSULT WITH PRIMARY CARE PROVIDER ENDOCRINE/METAB","2","T",,
"T47","CONSULTATION WITH SPECIALIST ENDOCRINE/METABOLIC","2","T",,
"T48","CLARIFY/DISCUSS PATIENT RFE/DEMAND ENDO/METABOLIC","2","T",,
"T49","OTHER PREVENTIVE PROCED ENDOCRINE/METABOLIC","2","T",,
"T50","MEDICATION/SCRIPT/REQUEST/RENEW/INJECT ENDO/METAB","3","T",,
"T51","INCIS/DRAIN/FLUSH/ASPIR/REM BODY FLUID(EXCL CATH)","3","T",,
"T52","EXCISE/REMOV TISSUE/BIOPSY/DESTRUCT/DEBRIDE/CAUTER","3","T",,
"T53","INSTRUMENTATION/CATHETER/INTUBATE/DILATE ENDO/META","3","T",,
"T54","REPAIR/FIXATE-SUTURE/CAST/PROSTH DEV (APPL/REM)","3","T",,
"T55","LOCAL INJECTION/INFILTRATION ENDOCRINE/METABOLIC","3","T",,
"T56","DRESSING/PRESSURE/COMPRESSION/TAMPONADE ENDO/METAB","3","T",,
"T57","PHYSICAL MEDICINE/REHABILITATION ENDOCRINE/METABOL","3","T",,
"T58","THERAPEUTIC COUNSELLING/LISTENING ENDOCRINE/METAB","3","T",,
"T59","OTHER THERAPEUTIC PROCED/MINOR SURG ENDO/METABOL","3","T",,
"T60","RESULTS TESTS/PROCEDURES ENDOCRINE/METABOLIC","4","T",,
"T61","RESULT EXAM/TEST/RECORD/LET FROM OTH PROVID ENDOCR","4","T",,
"T62","ADMINISTRATIVE PROCEDURE ENDOCRINE/METABOLIC","5","T",,
"T63","FOLLOW-UP ENCOUNTER UNSPECIFIED ENDOCRINE/METABOL","6","T",,
"T64","ENCOUNTER/PROB INITIATED BY PROVIDER ENDO/METABOL","6","T",,
"T65","ENCOUNT/PROB INITIATE OTHER THAN PT/PROVID ENDOCR","6","T",,
"T66","REFER OTH PROVID/NURSE/THERA/SOCIAL WKR ENDO/METAB","6","T",,
"T67","REFER PHYSICIAN/SPECIALIST/CLINIC/HOSP ENDO/METAB","6","T",,
"T68","OTHER REFERRALS NEC ENDOCRINE/METABOLIC","6","T",,
"T69","OTHER REASON FOR ENCOUNTER NEC ENDOCRINE/METABOLIC","6","T",,
"T70","ENDOCRINE INFECTION","8","T",,
"T71","MALIGNANT NEOPLASM THYROID","9","T",,
"T72","BENIGN NEOPLASM THYROID","9","T",,
"T73","NEOPLASM ENDOCRINE, OTHER/UNSPECIFIED","9","T",,
"T78","THYROGLOSSAL DUCT/CYST","11","T",,
"T80","CONGENITAL ANOMALY ENDOCRINE/METABOLIC","11","T",,
"T81","GOITRE","12","T",,
"T82","OBESITY (BMI > 30)","12","T",,
"T83","OVERWEIGHT (BMI < 30)","12","T",,
"T85","HYPERTHYROIDISM/THYROTOXICOSIS","12","T",,
"T86","HYPOTHYROIDISM/MYXOEDEMA","12","T",,
"T87","HYPOGLYCEMIA","12","T",,
"T88","Transferred to T99",,,,
"T89","DIABETES, INSULIN DEPENDENT","12","T",,
"T90","DIABETES, NON-INSULIN DEPENDENT","12","T",,
"T91","VITAMIN/NUTRITIONAL DEFICIENCY","12","T",,
"T92","GOUT","12","T",,
"T93","LIPID DISORDER","12","T",,
"T94","Transferred to A91 or T99",,,,
"T99","ENDOCRINE/METABOLIC/NUTRITIONAL DISEASE, OTHER","12","T",,
"U01","DYSURIA/PAINFUL URINATION","1","U",,
"U02","URINARY FREQUENCY/URGENCY","1","U",,
"U04","INCONTINENCE, URINE","1","U",,
"U05","URINATION PROBLEMS, OTHER","1","U",,
"U06","HAEMATURIA","1","U",,
"U07","URINE COMPLAINTS, OTHER","1","U",,
"U08","URINARY RETENTION","1","U",,
"U13","BLADDER SYMPTOM/COMPLAINT, OTHER","1","U",,
"U14","KIDNEY SYMPTOM/COMPLAINT","1","U",,
"U26","FEAR OF CANCER OF URINARY SYSTEM","1","U",,
"U27","FEAR OF URINARY DISEASE, OTHER","1","U",,
"U28","LIMITED FUNCTION/DISABILITY URINARY","1","U",,
"U29","URINARY SYMPTOM/COMPLAINT, OTHER","1","U",,
"U30","MED EXAM/HEALTH EVALUATION - COMPLETE URINARY","2","U",,
"U31","MED EXAM/HEALTH EVALUATION - PARTIAL URINARY","2","U",,
"U32","SENSITIVITY TEST URINARY","2","U",,
"U33","MICROBIOLOGY/IMMUNOLOGY TEST URINARY","2","U",,
"U34","BLOOD TEST URINARY","2","U",,
"U35","URINE TEST URINARY","2","U",,
"U36","FAECES TEST URINARY","2","U",,
"U37","HISTOLOGICAL/EXFOLIATIVE CYTOLOGY URINARY","2","U",,
"U38","OTHER LABORATORY TEST NEC URINARY","2","U",,
"U39","PHYSICAL FUNCTION TEST URINARY","2","U",,
"U40","DIAGNOSTIC ENDOSCOPY URINARY","2","U",,
"U41","DIAGNOSTIC RADIOLOGY/IMAGING URINARY","2","U",,
"U42","ELECTRICAL TRACINGS URINARY","2","U",,
"U43","OTHER DIAGNOSTIC PROCEDURES URINARY","2","U",,
"U44","PREVENTIVE IMMUNISATION/MEDICATION URINARY","2","U",,
"U45","OBSERVATION/HEALTH EDUCAT/ADVICE/DIET URINARY","2","U",,
"U46","CONSULT WITH PRIMARY CARE PROVIDER URINARY","2","U",,
"U47","CONSULTATION WITH SPECIALIST URINARY","2","U",,
"U48","CLARIFY/DISCUSS PATIENT RFE/DEMAND URINARY","2","U",,
"U49","OTHER PREVENTIVE PROCED URINARY","2","U",,
"U50","MEDICATION/SCRIPT/REQUEST/RENEW/INJECT URINARY","3","U",,
"U51","INCIS/DRAIN/FLUSH/ASPIR/REM BODY FLUID(EXCL CATH)","3","U",,
"U52","EXCISE/REMOV TISSUE/BIOPSY/DESTRUCT/DEBRIDE/CAUTER","3","U",,
"U53","INSTRUMENTATION/CATHETER/INTUBATE/DILATE URINARY","3","U",,
"U54","REPAIR/FIXATE-SUTURE/CAST/PROSTH DEV (APPL/REM)","3","U",,
"U55","LOCAL INJECTION/INFILTRATION URINARY","3","U",,
"U56","DRESSING/PRESSURE/COMPRESSION/TAMPONADE URINARY","3","U",,
"U57","PHYSICAL MEDICINE/REHABILITATION URINARY","3","U",,
"U58","THERAPEUTIC COUNSELLING/LISTENING URINARY","3","U",,
"U59","OTHER THERAPEUTIC PROCED/MINOR SURG URINARY","3","U",,
"U60","RESULTS TESTS/PROCEDURES URINARY","4","U",,
"U61","RESULT EXAM/TEST/RECORD/LET FROM OTH PROVID URINAR","4","U",,
"U62","ADMINISTRATIVE PROCEDURE URINARY","5","U",,
"U63","FOLLOW-UP ENCOUNTER UNSPECIFIED URINARY","6","U",,
"U64","ENCOUNTER/PROB INITIATED BY PROVIDER URINARY","6","U",,
"U65","ENCOUNT/PROB INITIATE OTHER THAN PT/PROVID URINARY","6","U",,
"U66","REFER OTH PROVID/NURSE/THERA/SOCIAL WKR URINARY","6","U",,
"U67","REFER PHYSICIAN/SPECIALIST/CLINIC/HOSP URINARY","6","U",,
"U68","OTHER REFERRALS NEC URINARY","6","U",,
"U69","OTHER REASON FOR ENCOUNTER NEC URINARY","6","U",,
"U70","PYELONEPHRITIS/PYELITIS","8","U",,
"U71","CYSTITIS/URINARY INFECTION, OTHER","8","U",,
"U72","URETHRITIS","8","U",,
"U75","MALIGNANT NEOPLASM KIDNEY","9","U",,
"U76","MALIGNANT NEOPLASM BLADDER","9","U",,
"U77","MALIGNANT NEOPLASM URINARY, OTHER","9","U",,
"U78","BENIGN NEOPLASM URINARY TRACT","9","U",,
"U79","NEOPLASM URINARY TRACT NOS","9","U",,
"U80","INJURY URINARY TRACT","10","U",,
"U85","CONGENITAL ANOMALY URINARY TRACT","11","U",,
"U88","GLOMERULONEPHRITIS/NEPHROSIS","12","U",,
"U90","ORTHOSTATIC ALBUMINURIA/PROTEINURIA","12","U",,
"U95","URINARY CALCULUS","12","U",,
"U98","ABNORMAL URINE TEST NOS","12","U",,
"U99","URINARY DISEASE, OTHER","12","U",,
"W01","QUESTION OF PREGNANCY","1","W",,
"W02","FEAR OF PREGNANCY","1","W",,
"W03","ANTEPARTUM BLEEDING","1","W",,
"W05","PREGNANCY NAUSEA/VOMITING","1","W",,
"W10","CONTRACEPTION, POSTCOITAL","1","W",,
"W11","CONTRACEPTION, ORAL","1","W",,
"W12","CONTRACEPTION, INTRAUTERINE","1","W",,
"W13","STERILIZATION (FEMALE)","1","W",,
"W14","CONTRACEPTION, OTHER","1","W",,
"W15","INFERTILITY/SUBFERTILITY","1","W",,
"W17","POST PARTUM BLEEDING","1","W",,
"W18","POST PARTUM SYMPTOM/COMPLAINT","1","W",,
"W19","BREAST/ LACTATION SYMPTOM/COMPLAINT","1","W",,
"W20","Transferred to W19",,,,
"W21","CONCERN ABOUT BODY IMAGE RELATED TO PREGNANCY","1","W",,
"W27","FEAR OF COMPLICATIONS OF PREGNANCY","1","W",,
"W28","LIMITED FUNCTION/DISABILITY PREGNANCY","1","W",,
"W29","PREGNANCY SYMPTOM/COMPLAINT, OTHER","1","W",,
"W30","MED EXAM/HEALTH EVALUATION - COMPLETE PREGNANCY","2","W",,
"W31","MED EXAM/HEALTH EVALUATION - PARTIAL PREGNANCY","2","W",,
"W32","SENSITIVITY TEST PREGNANCY","2","W",,
"W33","MICROBIOLOGY/IMMUNOLOGY TEST PREGNANCY","2","W",,
"W34","BLOOD TEST PREGNANCY","2","W",,
"W35","URINE TEST PREGNANCY","2","W",,
"W36","FAECES TEST PREGNANCY","2","W",,
"W37","HISTOLOGICAL/EXFOLIATIVE CYTOLOGY PREGNANCY","2","W",,
"W38","OTHER LABORATORY TEST NEC PREGNANCY","2","W",,
"W39","PHYSICAL FUNCTION TEST PREGNANCY","2","W",,
"W40","DIAGNOSTIC ENDOSCOPY PREGNANCY","2","W",,
"W41","DIAGNOSTIC RADIOLOGY/IMAGING PREGNANCY","2","W",,
"W42","ELECTRICAL TRACINGS PREGNANCY","2","W",,
"W43","OTHER DIAGNOSTIC PROCEDURES PREGNANCY","2","W",,
"W44","PREVENTIVE IMMUNISATION/MEDICATION PREGNANCY","2","W",,
"W45","OBSERVATION/HEALTH EDUCAT/ADVICE/DIET PREGNANCY","2","W",,
"W46","CONSULT WITH PRIMARY CARE PROVIDER PREGNANCY","2","W",,
"W47","CONSULTATION WITH SPECIALIST PREGNANCY","2","W",,
"W48","CLARIFY/DISCUSS PATIENT RFE/DEMAND PRENANCY","2","W",,
"W49","OTHER PREVENTIVE PROCED PREGNANCY","2","W",,
"W50","MEDICATION/SCRIPT/REQUEST/RENEW/INJECT PREGNANCY","3","W",,
"W51","INCIS/DRAIN/FLUSH/ASPIR/REM BODY FLUID(EXCL CATH)","3","W",,
"W52","EXCISE/REMOV TISSUE/BIOPSY/DESTRUCT/DEBRIDE/CAUTER","3","W",,
"W53","INSTRUMENTATION/CATHETER/INTUBATE/DILATE PREGNANCY","3","W",,
"W54","REPAIR/FIXATE-SUTURE/CAST/PROSTH DEV (APPL/REM)","3","W",,
"W55","LOCAL INJECTION/INFILTRATION RELATED TO PREGNANCY","3","W",,
"W56","DRESSING/PRESSURE/COMPRESSION/TAMPONADE PREGNANCY","3","W",,
"W57","PHYSICAL MEDICINE/REHABILITATION PREGNANCY","3","W",,
"W58","THERAPEUTIC COUNSELLING/LISTENING PREGNANCY","3","W",,
"W59","OTHER THERAPEUTIC PROCED/MINOR SURG PREGNANCY","3","W",,
"W60","RESULTS TESTS/PROCEDURES PREGNANCY","4","W",,
"W61","RESULT EXAM/TEST/RECORD/LET FROM OTH PROVID PREG","4","W",,
"W62","ADMINISTRATIVE PROCEDURE PREGNANCY","5","W",,
"W63","FOLLOW-UP ENCOUNTER UNSPECIFIED PREGNANCY","6","W",,
"W64","ENCOUNTER/PROB INITIATED BY PROVIDER PREGNANCY","6","W",,
"W65","ENCOUNT/PROB INITIATE OTHER THAN PT/PROVID PREG","6","W",,
"W66","REFER OTH PROVID/NURSE/THERA/SOCIAL WKR PREGNANCY","6","W",,
"W67","REFER PHYSICIAN/SPECIALIST/CLINIC/HOSP PREGNANCY","6","W",,
"W68","OTHER REFERRALS NEC PREGNANCY","6","W",,
"W69","OTHER REASON FOR ENCOUNTER NEC PREGNANCY","6","W",,
"W70","PUERPERAL INFECTION/SEPSIS","8","W",,
"W71","INFECTIONS COMPLICATING PREGNANCY","8","W",,
"W72","MALIGNANT NEOPLASM RELATED TO PREGNANCY","9","W",,
"W73","BENIGN/UNCERTAIN NEOPLASM RELATED TO  PREGNANCY","9","W",,
"W75","INJURY COMPLICATING PREGNANCY","10","W",,
"W76","CONGENITAL ANOMALY COMPLICATING PREGNANCY","11","W",,
"W77","Transferred to W84",,,,
"W78","PREGNANCY","12","W",,
"W79","UNWANTED PREGNANCY","12","W",,
"W80","ECTOPIC PREGNANCY","12","W",,
"W81","TOXAEMIA OF PREGNANCY","12","W",,
"W82","ABORTION, SPONTANEOUS","12","W",,
"W83","ABORTION, INDUCED","12","W",,
"W84","PREGNANCY HIGH RISK","12","W",,
"W85","GESTATIONAL DIABETES","12","W",,
"W90","UNCOMPLICATED DELIVERY, LIVEBIRTH","12","W",,
"W91","UNCOMPLICATED DELIVERY, STILLBIRTH","12","W",,
"W92","COMPLICATED DELIVERY, LIVEBIRTH","12","W",,
"W93","COMPLICATED DELIVERY, STILLBIRTH","12","W",,
"W94","PUERPERAL MASTITIS","8","W",,
"W95","BREAST DISORDER IN PREGNANCY/PUERPERIUM, OTHER","12","W",,
"W96","COMPLICATIONS OF PUERPERIUM, OTHER","12","W",,
"W99","DISORDERS OF PREGNANCY/DELIVERY, OTHER","12","W",,
"X01","PAIN, GENITAL (FEMALE)","1","X",,
"X02","PAIN, MENSTRUAL","1","X",,
"X03","PAIN, INTERMENSTRUAL","1","X",,
"X04","PAINFUL INTERCOURSE (FEMALE)","1","X",,
"X05","MENSTRUATION ABSENT/SCANTY","1","X",,
"X06","MENSTRUATION EXCESSIVE","1","X",,
"X07","MENSTRUATION IRREGULAR/FREQUENT","1","X",,
"X08","INTERMENSTRUAL BLEEDING","1","X",,
"X09","PREMENSTRUAL SYMPTOM/COMPLAINT","1","X",,
"X10","POSTPONEMENT OF MENSTRUATION","1","X",,
"X11","MENOPAUSAL SYMPTOM/COMPLAINT","1","X",,
"X12","POSTMENOPAUSAL BLEEDING","1","X",,
"X13","POSTCOITAL BLEEDING","1","X",,
"X14","VAGINAL DISCHARGE","1","X",,
"X15","VAGINAL SYMPTOM/COMPLAINT, OTHER","1","X",,
"X16","VULVAL SYMPTOM/COMPLAINT","1","X",,
"X17","PELVIS SYMPTOM/COMPLAINT (FEMALE)","1","X",,
"X18","PAIN, BREAST (FEMALE)","1","X",,
"X19","BREAST LUMP/MASS (FEMALE)","1","X",,
"X20","NIPPLE SYMPTOM/COMPLAINT(FEMALE)","1","X",,
"X21","BREAST SYMPTOM/COMPLAINT, OTHER (FEMALE)","1","X",,
"X22","CONCERN ABOUT BREAST APPEARANCE (FEMALE)","1","X",,
"X23","FEAR OF SEXUALLY TRANSMITTED DISEASE (FEMALE)","1","X",,
"X24","FEAR OF SEXUAL DYSFUNCTION (FEMALE)","1","X",,
"X25","FEAR OF CANCER GENITAL (FEMALE)","1","X",,
"X26","FEAR OF CANCER BREAST(FEMALE)","1","X",,
"X27","FEAR OF GENITAL/BREAST DISEASE, OTHER (FEMALE)","1","X",,
"X28","LIMITED FUNCTION/DISABILITY GENITAL (FEMALE)","1","X",,
"X29","GENITAL SYMPTOM/COMPLAINT, OTHER (FEMALE)","1","X",,
"X30","MED EXAM/HEALTH EVALUATION - COMPLETE GENITAL  F","2","X",,
"X31","MED EXAM/HEALTH EVALUATION - PARTIAL GENITAL F","2","X",,
"X32","SENSITIVITY TEST GENITAL (FEMALE)","2","X",,
"X33","MICROBIOLOGY/IMMUNOLOGY TEST GENITAL (FEMALE)","2","X",,
"X34","BLOOD TEST GENITAL (FEMALE)","2","X",,
"X35","URINE TEST GENITAL (FEMALE)","2","X",,
"X36","FAECES TEST GENITAL (FEMALE)","2","X",,
"X37","HISTOLOGICAL/EXFOLIATIVE CYTOLOGY GENITAL (FEMALE)","2","X",,
"X38","OTHER LABORATORY TEST NEC GENITAL (FEMALE)","2","X",,
"X39","PHYSICAL FUNCTION TEST GENITAL (FEMALE)","2","X",,
"X40","DIAGNOSTIC ENDOSCOPY GENITAL (FEMALE)","2","X",,
"X41","DIAGNOSTIC RADIOLOGY/IMAGING GENITAL (FEMALE)","2","X",,
"X42","ELECTRICAL TRACINGS GENITAL (FEMALE)","2","X",,
"X43","OTHER DIAGNOSTIC PROCEDURES GENITAL (FEMALE)","2","X",,
"X44","PREVENTIVE IMMUNISATION/MEDICATION GENITAL (FEMALE","2","X",,
"X45","OBSERVATION/HEALTH EDUCAT/ADVICE/DIET GENITAL F","2","X",,
"X46","CONSULT WITH PRIMARY CARE PROVIDER GENITAL (FEMALE","2","X",,
"X47","CONSULTATION WITH SPECIALIST GENITAL (FEMALE)","2","X",,
"X48","CLARIFY/DISCUSS PATIENT RFE/DEMAND GENITAL (FEMALE","2","X",,
"X49","OTHER PREVENTIVE PROCED GENTIAL (MALE)","2","X",,
"X50","MEDICATION/SCRIPT/REQUEST/RENEW/INJECT GENITAL F","3","X",,
"X51","INCIS/DRAIN/FLUSH/ASPIR/REM BODY FLUID(EXCL CATH)","3","X",,
"X52","EXCISE/REMOV TISSUE/BIOPSY/DESTRUCT/DEBRIDE/CAUTER","3","X",,
"X53","INSTRUMENTATION/CATHETER/INTUBATE/DILATE GENITAL F","3","X",,
"X54","REPAIR/FIXATE-SUTURE/CAST/PROSTH DEV (APPL/REM)","3","X",,
"X55","LOCAL INJECTION/INFILTRATION GENITAL (FEMALE)","3","X",,
"X56","DRESSING/PRESSURE/COMPRESSION/TAMPONADE GENITAL F","3","X",,
"X57","PHYSICAL MEDICINE/REHABILITATION GENITAL (FEMALE)","3","X",,
"X58","THERAPEUTIC COUNSELLING/LISTENING GENITAL MALE","3","X",,
"X59","OTHER THERAPEUTIC PROCED/MINOR SURG GENITAL F","3","X",,
"X60","RESULTS TESTS/PROCEDURES GENITAL (FEMALE)","4","X",,
"X61","RESULT EXAM/TEST/RECORD/LET FROM OTH PROVID GEN F","4","X",,
"X62","ADMINISTRATIVE PROCEDURE GENITAL (FEMALE)","5","X",,
"X63","FOLLOW-UP ENCOUNTER UNSPECIFIED GENITAL (FEMALE)","6","X",,
"X64","ENCOUNTER/PROB INITIATED BY PROVIDER GENITAL F","6","X",,
"X65","ENCOUNT/PROB INITIATE OTHER THAN PT/PROVID GENIT F","6","X",,
"X66","REFER OTH PROVID/NURSE/THERA/SOCIAL WKR GENITAL F","6","X",,
"X67","REFER PHYSICIAN/SPECIALIST/CLINIC/HOSP GENITAL F","6","X",,
"X68","OTHER REFERRALS NEC GENITAL (FEMALE)","6","X",,
"X69","OTHER REASON FOR ENCOUNTER NEC GENITAL (FEMALE)","6","X",,
"X70","SYPHILIS (FEMALE)","8","X",,
"X71","GONORRHOEA (FEMALE)","8","X",,
"X72","GENITAL CANDIDIASIS (FEMALE)","8","X",,
"X73","GENITAL TRICHOMONIASIS (FEMALE)","8","X",,
"X74","PELVIC INFLAMMATORY DISEASE","8","X",,
"X75","MALIGNANT NEOPLASM CERVIX","9","X",,
"X76","MALIGNANT NEOPLASM BREAST (FEMALE)","9","X",,
"X77","MALIGNANT NEOPLASM GENITAL, OTHER (FEMALE)","9","X",,
"X78","FIBROMYOMA UTERUS","9","X",,
"X79","BENIGN NEOPLASM BREAST (FEMALE)","9","X",,
"X80","BENIGN NEOPLASM GENITAL (FEMALE)","9","X",,
"X81","UNCERTAIN NATURE NEOPLASM GENITAL (FEMALE)","9","X",,
"X82","INJURY GENITAL (FEMALE)","10","X",,
"X83","CONGENITAL ANOMALY GENITAL (FEMALE)","11","X",,
"X84","VAGINITIS/VULVITIS NOS","8","X",,
"X85","CERVICAL DISEASE NOS","12","X",,
"X86","ABNORMAL PAP SMEAR","12","X",,
"X87","UTEROVAGINAL PROLAPSE","12","X",,
"X88","FIBROCYSTIC DISEASE BREAST","12","X",,
"X89","PREMENSTRUAL TENSION SYNDROME","12","X",,
"X90","GENITAL HERPES (FEMALE)","8","X",,
"X91","CONDYLOMATA ACUMINATA (FEMALE)","8","X",,
"X92","CHLAMYDIA INFECTION, GENITAL (FEMALE)","8","X",,
"X99","GENITAL DISEASE, OTHER (FEMALE)","12","X",,
"Y01","PAIN, PENIS","1","Y",,
"Y02","PAIN, TESTIS/SCROTUM","1","Y",,
"Y03","URETHRAL DISCHARGE (MALE)","1","Y",,
"Y04","PENIS SYMPTOM/COMPLAINT","1","Y",,
"Y05","SCROTUM/TESTIS SYMPTOM/COMPLAINT","1","Y",,
"Y06","PROSTATE SYMPTOM/COMPLAINT","1","Y",,
"Y07","IMPOTENCE NOS","1","Y",,
"Y08","SEXUAL FUNCTION SYMPTOM/COMPLAINT (MALE)","1","Y",,
"Y10","INFERTILITY/SUBFERTILITY (MALE)","1","Y",,
"Y13","STERILISATION (MALE)","1","Y",,
"Y14","FAMILY PLANNING, OTHER (MALE)","1","Y",,
"Y16","BREAST SYMPTOM/COMPLAINT (MALE)","1","Y",,
"Y24","FEAR OF SEXUAL DYSFUNCTION","1","Y",,
"Y25","FEAR OF SEXUALLY TRANSMITTED DISEASE (MALE)","1","Y",,
"Y26","FEAR OF CANCER GENITAL (MALE)","1","Y",,
"Y27","FEAR OF GENITAL DISEASE, OTHER (MALE)","1","Y",,
"Y28","LIMITED FUNCTION/DISABILITY GENITAL (MALE)","1","Y",,
"Y29","GENITAL SYMPTOM/COMPLAINT, OTHER  (MALE)","1","Y",,
"Y30","MED EXAM/HEALTH EVALUATION - COMPLETE GENITAL M","2","Y",,
"Y31","MED EXAM/HEALTH EVALUATION - PARTIAL GENITAL M","2","Y",,
"Y32","SENSITIVITY TEST GENITAL (MALE)","2","Y",,
"Y33","MICROBIOLOGY/IMMUNOLOGY TEST GENITAL (MALE)","2","Y",,
"Y34","BLOOD TEST GENITAL (MALE)","2","Y",,
"Y35","URINE TEST GENITAL (MALE)","2","Y",,
"Y36","FAECES TEST GENITAL (MALE)","2","Y",,
"Y37","HISTOLOGICAL/EXFOLIATIVE CYTOLOGY GENITAL (MALE)","2","Y",,
"Y38","OTHER LABORATORY TEST NEC GENITAL (MALE)","2","Y",,
"Y39","PHYSICAL FUNCTION TEST GENITAL (MALE)","2","Y",,
"Y40","DIAGNOSTIC ENDOSCOPY GENITAL (MALE)","2","Y",,
"Y41","DIAGNOSTIC RADIOLOGY/IMAGING GENITAL (MALE)","2","Y",,
"Y42","ELECTRICAL TRACINGS GENITAL (MALE)","2","Y",,
"Y43","OTHER DIAGNOSTIC PROCEDURES GENITAL (MALE)","2","Y",,
"Y44","PREVENTIVE IMMUNISATION/MEDICATION GENITAL (MALE)","2","Y",,
"Y45","OBSERVATION/HEALTH EDUCAT/ADVICE/DIET GENITAL M","2","Y",,
"Y46","CONSULT WITH PRIMARY CARE PROVIDER GENITAL (MALE)","2","Y",,
"Y47","CONSULTATION WITH SPECIALIST GENITAL (MALE)","2","Y",,
"Y48","CLARIFY/DISCUSS PATIENT RFE/DEMAND GENITAL (MALE)","2","Y",,
"Y49","OTHER PREVENTIVE PROCED GENITAL (FEMALE)","2","Y",,
"Y50","MEDICATION/SCRIPT/REQUEST/RENEW/INJECT GENITAL M","3","Y",,
"Y51","INCIS/DRAIN/FLUSH/ASPIR/REM BODY FLUID(EXCL CATH)","3","Y",,
"Y52","EXCISE/REMOV TISSUE/BIOPSY/DESTRUCT/DEBRIDE/CAUTER","3","Y",,
"Y53","INSTRUMENTATION/CATHETER/INTUBATE/DILATE GENITAL M","3","Y",,
"Y54","REPAIR/FIXATE-SUTURE/CAST/PROSTH DEV (APPL/REM)","3","Y",,
"Y55","LOCAL INJECTION/INFILTRATION GENITAL (MALE)","3","Y",,
"Y56","DRESSING/PRESSURE/COMPRESSION/TAMPONADE GENITAL M","3","Y",,
"Y57","PHYSICAL MEDICINE/REHABILITATION GENITAL (MALE)","3","Y",,
"Y58","THERAPEUTIC COUNSELLING/LISTENING GENITAL FEMALE","3","Y",,
"Y59","OTHER THERAPEUTIC PROCED/MINOR SURG GENITAL M","3","Y",,
"Y60","RESULTS TESTS/PROCEDURES GENITAL (MALE)","4","Y",,
"Y61","RESULT EXAM/TEST/RECORD/LET FROM OTH PROVID GEN M","4","Y",,
"Y62","ADMINISTRATIVE PROCEDURE GENITAL (MALE)","5","Y",,
"Y63","FOLLOW-UP ENCOUNTER UNSPECIFIED GENITAL (MALE)","6","Y",,
"Y64","ENCOUNTER/PROB INITIATED BY PROVIDER GENITAL M","6","Y",,
"Y65","ENCOUNT/PROB INITIATE OTHER THAN PT/PROVID GENIT M","6","Y",,
"Y66","REFER OTH PROVID/NURSE/THERA/SOCIAL WKR GENITAL M","6","Y",,
"Y67","REFER PHYSICIAN/SPECIALIST/CLINIC/HOSP GENITAL M","6","Y",,
"Y68","OTHER REFERRALS NEC GENITAL (MALE)","6","Y",,
"Y69","OTHER REASON FOR ENCOUNTER NEC GENITAL (MALE)","6","Y",,
"Y70","SYPHILIS (MALE)","8","Y",,
"Y71","GONORRHOEA (MALE)","8","Y",,
"Y72","GENITAL HERPES (MALE)","8","Y",,
"Y73","PROSTATITIS/SEMINAL VESICULITIS","8","Y",,
"Y74","ORCHITIS/EPIDIDYMITIS","8","Y",,
"Y75","BALANITIS","9","Y",,
"Y76","CONDYLOMATA ACUMINATA (MALE)","9","Y",,
"Y77","MALIGNANT NEOPLASM PROSTATE","9","Y",,
"Y78","MALIGNANT NEOPLASM GENITAL, OTHER (MALE)","9","Y",,
"Y79","BENIGN/UNCERTAIN NEOPLASM GENITAL (MALE)","9","Y",,
"Y80","INJURY GENITAL (MALE)","10","Y",,
"Y81","PHIMOSIS/REDUNDANT PREPUCE","11","Y",,
"Y82","HYPOSPADIA","11","Y",,
"Y83","UNDESCENDED TESTICLE","11","Y",,
"Y84","CONGENITAL ANOMALY GENITAL (MALE)","11","Y",,
"Y85","BENIGN PROSTATIC HYPERTROPHY","12","Y",,
"Y86","HYDROCOELE","12","Y",,
"Y99","GENITAL DISEASE, OTHER (MALE) (INCL BREAST)","12","Y",,
"Z01","POVERTY/FINANCIAL PROBLEM","1","Z",,
"Z02","FOOD AND WATER PROBLEM","1","Z",,
"Z03","HOUSING/NEIGHBORHOOD PROBLEM","1","Z",,
"Z04","SOCIAL CULTURAL PROBLEM","1","Z",,
"Z05","WORK PROBLEM","1","Z",,
"Z06","UNEMPLOYMENT PROBLEM","1","Z",,
"Z07","EDUCATION PROBLEM","1","Z",,
"Z08","SOCIAL WELFARE PROBLEM","1","Z",,
"Z09","LEGAL PROBLEM","1","Z",,
"Z10","HEALTH CARE SYSTEM PROBLEM","1","Z",,
"Z11","COMPLIANCE/BEING ILL PROBLEM","1","Z",,
"Z12","RELATIONSHIP PROBLEM, PARTNERS","1","Z",,
"Z13","PARTNER BEHAVIOUR PROBLEM","1","Z",,
"Z14","PARTNER ILLNESS PROBLEM","1","Z",,
"Z15","LOSS OR DEATH OF PARTNER (INCL MARITAL BREAKDOWN)*","1","Z",,
"Z16","RELATIONSHIP PROBLEM, CHILD","1","Z",,
"Z18","ILLNESS PROBLEM WITH CHILD","1","Z",,
"Z19","LOSS OR DEATH OF CHILD","1","Z",,
"Z20","RELATIONSHIP PROBLEM, PARENT/FAMILY","1","Z",,
"Z21","BEHAVIOR PROBLEM, PARENT/FAMILY","1","Z",,
"Z22","ILLNESS PROBLEM, PARENT/FAMILY","1","Z",,
"Z23","LOSS/DEATH OF PARENT/FAMILY MEMBER","1","Z",,
"Z24","RELATIONSHIP PROBLEM, FRIENDS","1","Z",,
"Z25","ASSAULT/HARMFUL EVENT","12","Z",,
"Z27","FEAR OF SOCIAL PROBLEM","1","Z",,
"Z28","SOCIAL HANDICAP","1","Z",,
"Z29","SOCIAL PROBLEM NOS","1","Z",,
"Z30","MED EXAM/HEALTH EVALUATION - COMPLETE SOCIAL","2","Z",,
"Z31","MED EXAM/HEALTH EVALUATION - PARTIAL SOCIAL","2","Z",,
"Z32","SENSITIVITY TEST SOCIAL","2","Z",,
"Z33","MICROBIOLOGY/IMMUNOLOGY TEST SOCIAL","2","Z",,
"Z34","BLOOD TEST SOCIAL","2","Z",,
"Z35","URINE TEST SOCIAL","2","Z",,
"Z36","FAECES TEST SOCIAL","2","Z",,
"Z37","HISTOLOGICAL/EXFOLIATIVE CYTOLOGY SOCIAL","2","Z",,
"Z38","OTHER LABORATORY TEST NEC SOCIAL","2","Z",,
"Z39","PHYSICAL FUNCTION TEST SOCIAL","2","Z",,
"Z40","DIAGNOSTIC ENDOSCOPY SOCIAL","2","Z",,
"Z41","DIAGNOSTIC RADIOLOGY/IMAGING SOCIAL","2","Z",,
"Z42","ELECTRICAL TRACINGS SOCIAL","2","Z",,
"Z43","OTHER DIAGNOSTIC PROCEDURES SOCIAL","2","Z",,
"Z44","PREVENTIVE IMMUNISATION/MEDICATION SOCIAL","2","Z",,
"Z45","OBSERVATION/HEALTH EDUCAT/ADVICE/DIET SOCIAL","2","Z",,
"Z46","CONSULT WITH PRIMARY CARE PROVIDER SOCIAL","2","Z",,
"Z47","CONSULTATION WITH SPECIALIST SOCIAL","2","Z",,
"Z48","CLARIFY/DISCUSS PATIENT RFE/DEMAND SOCIAL","2","Z",,
"Z49","OTHER PREVENTIVE PROCED SOCIAL","2","Z",,
"Z50","MEDICATION/SCRIPT/REQUEST/RENEW/INJECT SOCIAL","3","Z",,
"Z51","INCIS/DRAIN/FLUSH/ASPIR/REM BODY FLUID(EXCL CATH)","3","Z",,
"Z52","EXCISE/REMOV TISSUE/BIOPSY/DESTRUCT/DEBRIDE/CAUTER","3","Z",,
"Z53","INSTRUMENTATION/CATHETER/INTUBATE/DILATE SOCIAL","3","Z",,
"Z54","REPAIR/FIXATE-SUTURE/CAST/PROSTH DEV (APPL/REM)","3","Z",,
"Z55","LOCAL INJECTION/INFILTRATION SOCIAL","3","Z",,
"Z56","DRESSING/PRESSURE/COMPRESSION/TAMPONADE SOCIAL","3","Z",,
"Z57","PHYSICAL MEDICINE/REHABILITATION SOCIAL","3","Z",,
"Z58","THERAPEUTIC COUNSELLING/LISTENING SOCIAL","3","Z",,
"Z59","OTHER THERAPEUTIC PROCED/MINOR SURG SOCIAL","3","Z",,
"Z60","RESULTS TESTS/PROCEDURES SOCIAL","4","Z",,
"Z61","RESULT EXAM/TEST/RECORD/LET FROM OTH PROVID SOCIAL","4","Z",,
"Z62","ADMINISTRATIVE PROCEDURE SOCIAL","5","Z",,
"Z63","FOLLOW-UP ENCOUNTER UNSPECIFIED SOCIAL","6","Z",,
"Z64","ENCOUNTER/PROB INITIATED BY PROVIDER SOCIAL","6","Z",,
"Z65","ENCOUNT/PROB INITIATE OTHER THAN PT/PROVID SOCIAL","6","Z",,
"Z66","REFER OTH PROVID/NURSE/THERA/SOCIAL WKR SOCIAL","6","Z",,
"Z67","REFER PHYSICIAN/SPECIALIST/CLINIC/HOSP SOCIAL","6","Z",,
"Z68","OTHER REFERRALS NEC SOCIAL","6","Z",,
"Z69","OTHER REASON FOR ENCOUNTER NEC SOCIAL","6","Z",,
